page,pageRow,drugName,company,drugCode,formPay,classEffect,kind,substituteEtc,componentCode,sourcePdf,sourcePrintedAt
1,1,건일디아제팜정2mg,건일제약,G03900021,내복약품비급여,정신신경용제,전문,,142902ATB,약품기본정보.pdf,2026-06-26
1,2,건일디아제팜정5mg,건일제약,G03900031,내복약품비급여,정신신경용제,전문,,142903ATB,약품기본정보.pdf,2026-06-26
1,3,구주디아제팜주사,구주제약(주),669803820,주사약품비급여,정신신경용제,전문,,142901BIJ,약품기본정보.pdf,2026-06-26
1,4,구주디아제팜주사,구주제약,G06100141,주사약품 삭제,정신신경용제,전문,,142901BIJ,약품기본정보.pdf,2026-06-26
1,5,구주염산날부핀주사10밀리그람,구주제약(주),669800230,주사약품비급여,진통， 소,전문,,198901BIJ,약품기본정보.pdf,2026-06-26
1,6,구주염산날부핀주사10mg,구주제약,G06100121,주사약품 삭제,진통， 소,전문,,198901BIJ,약품기본정보.pdf,2026-06-26
1,7,구주염산날부핀주사20밀리그람,구주제약(주),669800240,주사약품비급여,진통， 소,전문,,198902BIJ,약품기본정보.pdf,2026-06-26
1,8,구주염산날부핀주사20mg,구주제약,G06100131,주사약품 삭제,진통， 소,전문,,198902BIJ,약품기본정보.pdf,2026-06-26
1,9,국제디에칠프로피온정(염산디에칠프국제약품공업(주),,643700110,내복약품비급여,자율신경제,전문,,551601ATB,약품기본정보.pdf,2026-06-26
1,10,국제펜터민정(염산펜터민),국제약품공업(주),643700760,내복약품비급여,자율신경제,전문,,552701ATB,약품기본정보.pdf,2026-06-26
1,11,극동디아제팜주사액,극동제약,G16000011,주사약품 삭제,정신신경용제,전문,,B0066201,약품기본정보.pdf,2026-06-26
1,12,극동펜타조신주사액,극동제약,G16000021,주사약품 삭제,진통， 소,전문,,B0155501,약품기본정보.pdf,2026-06-26
1,13,나리온정0.125MG,대광제약,G14200041,내복약품 삭제,최면진정제,전문,,A0201701,약품기본정보.pdf,2026-06-26
1,14,나리온정0.25MG,대광제약,G14200051,내복약품 삭제,최면진정제,전문,,A0201801,약품기본정보.pdf,2026-06-26
1,15,나페존주,구주제약,G16400011,주사약품 삭제,진통， 소,전문,,210502BIJ,약품기본정보.pdf,2026-06-26
1,16,나페존주(펜타조신),구주제약(주),669800560,주사약품비급여,진통， 소,전문,,210502BIJ,약품기본정보.pdf,2026-06-26
1,17,날페인주사10밀리그람(염산날부핀명문제약(주),,649800050,주사약품 삭제,진통， 소,전문,,198901BIJ,약품기본정보.pdf,2026-06-26
1,18,날페인주사10밀리그램(날부핀염산명문제약(주),,649800051,주사약품 급여,진통， 소,전문,,198930BIJ,약품기본정보.pdf,2026-06-26
1,19,날페인주사10mg,명문제약,G03700301,주사약품 삭제,진통， 소,전문,,198901BIJ,약품기본정보.pdf,2026-06-26
1,20,날페인주사20밀리그람(염산날부핀명문제약(주),,649800060,주사약품 삭제,진통， 소,전문,,198902BIJ,약품기본정보.pdf,2026-06-26
1,21,날페인주사20밀리그램(날부핀염산명문제약(주),,649800061,주사약품 삭제,진통， 소,전문,,198931BIJ,약품기본정보.pdf,2026-06-26
1,22,날페인주사20mg,명문제약,G03700311,주사약품 삭제,진통， 소,전문,,198902BIJ,약품기본정보.pdf,2026-06-26
1,23,넬슨브롬화수소산덱스트로메토르판한국넬슨제약(주),,656700270,내복약품비급여,진해거담제,전문,,142601ATB,약품기본정보.pdf,2026-06-26
1,24,노나제팜정10mg,명인제약,G01200241,내복약품비급여,정신신경용제,전문,,203002ATB,약품기본정보.pdf,2026-06-26
1,25,노나제팜정5mg,명인제약,G01200231,내복약품비급여,정신신경용제,전문,,203001ATB,약품기본정보.pdf,2026-06-26
1,26,노레팜정10밀리그람(노르다제팜),한화제약(주),651600050,내복약품비급여,정신신경용제,전문,,203002ATB,약품기본정보.pdf,2026-06-26
2,1,노레팜정5밀리그람(노르다제팜),한화제약(주),651600060,내복약품비급여,정신신경용제,전문,,203001ATB,약품기본정보.pdf,2026-06-26
2,2,노레팜정5mg,한화제약,G14800021,내복약품 삭제,정신신경용제,전문,,203001ATB,약품기본정보.pdf,2026-06-26
2,3,노브제정(염산펜터민),(주)씨트리,647300030,내복약품비급여,자율신경제,전문,,552701ATB,약품기본정보.pdf,2026-06-26
2,7,뉴젠팜알프라졸람정0.25mg,뉴젠팜,G16500031,내복약품비급여,정신신경용제,전문,,105502ATB,약품기본정보.pdf,2026-06-26
2,8,뉴젠팜알프라졸람정0.5mg,뉴젠팜,G16500041,내복약품비급여,정신신경용제,전문,,105505ATB,약품기본정보.pdf,2026-06-26
2,9,뉴젠팜페노바르비탈정,(주)뉴젠팜,646200440,내복약품비급여,최면진정제,전문,,211701ATB,약품기본정보.pdf,2026-06-26
2,10,뉴젠팜페노바르비탈정,뉴젠팜,G16500011,내복약품비급여,최면진정제,전문,,211701ATB,약품기본정보.pdf,2026-06-26
2,11,뉴폴주사(앰플)(프로포폴),건일제약(주),646800530,주사약품비급여,전신마취제,전문,,219802BIJ,약품기본정보.pdf,2026-06-26
2,12,뉴폴주사(앰플)(프로포폴),건일제약(주),646800540,주사약품비급여,전신마취제,전문,,219803BIJ,약품기본정보.pdf,2026-06-26
2,13,뉴폴주사(프로포폴),건일제약(주),646800550,주사약품 삭제,전신마취제,전문,,219804BIJ,약품기본정보.pdf,2026-06-26
2,14,뉴폴주사(프로포폴),건일제약(주),646802440,주사약품 삭제,전신마취제,전문,,219802BIJ,약품기본정보.pdf,2026-06-26
2,15,다이트린정(펜디메트라진타르타르산영일제약(주),,649400210,내복약품비급여,자율신경제,전문,,552601ATB,약품기본정보.pdf,2026-06-26
2,16,달마돔정,한국로슈,G11400021,내복약품 삭제,최면진정제,전문,,A0092301,약품기본정보.pdf,2026-06-26
2,17,달마돔정,고려제약,G17000011,내복약품 삭제,최면진정제,전문,가능,161801ATB,약품기본정보.pdf,2026-06-26
2,18,달마돔정(플루라제팜염산염)_(15mg고려제약(주),,642800250,내복약품 급여,최면진정제,전문,가능,161801ATB,약품기본정보.pdf,2026-06-26
2,19,대우디아제팜정5mg,대우약품공업,G08900021,내복약품비급여,정신신경용제,전문,,142903ATB,약품기본정보.pdf,2026-06-26
2,20,대우페노바르비탈정,대우약품공업,G08900111,내복약품비급여,최면진정제,전문,,211701ATB,약품기본정보.pdf,2026-06-26
2,21,대웅디아제팜정,대웅제약,G07000021,내복약품비급여,정신신경용제,전문,,142903ATB,약품기본정보.pdf,2026-06-26
2,22,대웅케타민주(케타민염산염)_(0.1,(주)대웅제약,641608231,주사약품 급여,전신마취제,전문,,179530BIJ,약품기본정보.pdf,2026-06-26
2,23,대원디아제팜정10밀리그람(수출명대원제약(주),,671800240,내복약품비급여,정신신경용제,전문,,142901ATB,약품기본정보.pdf,2026-06-26
2,24,대원디아제팜정10밀리그람(수출명대원제약(주),,671800250,내복약품비급여,정신신경용제,전문,,142901ATB,약품기본정보.pdf,2026-06-26
2,25,대원디아제팜정10mg,대원제약,G02900261,내복약품비급여,정신신경용제,전문,,142901ATB,약품기본정보.pdf,2026-06-26
2,26,대원디아제팜정2밀리그람(수출명:,대원제약(주),671800260,내복약품비급여,,전문,,142902ATB,약품기본정보.pdf,2026-06-26
3,1,대원디아제팜정2밀리그램(수출명:,대원제약(주),671800270,내복약품 급여,정신신경용제,전문,가능,142902ATB,약품기본정보.pdf,2026-06-26
3,2,대원디아제팜정2mg,대원제약,G02900131,내복약품 삭제,정신신경용제,전문,가능,142902ATB,약품기본정보.pdf,2026-06-26
3,3,대원디아제팜정5밀리그람(수출명:,대원제약(주),671800280,내복약품비급여,정신신경용제,전문,,142903ATB,약품기본정보.pdf,2026-06-26
3,4,대원디아제팜정5밀리그램(수출명:,대원제약(주),671800290,내복약품비급여,정신신경용제,전문,,142903ATB,약품기본정보.pdf,2026-06-26
3,5,대원디아제팜정5mg,대원제약,G02900111,내복약품비급여,정신신경용제,전문,,142903ATB,약품기본정보.pdf,2026-06-26
3,6,대원디아제팜주사액,대원제약(주),671800300,주사약품비급여,정신신경용제,전문,,142903BIJ,약품기본정보.pdf,2026-06-26
3,7,대원디아제팜주사액(수출명:데팜주대원제약(주),,671800311,주사약품 삭제,정신신경용제,전문,,142930BIJ,약품기본정보.pdf,2026-06-26
3,8,대원디아제팜주사액10mg,대원제약,G02900142,주사약품 삭제,정신신경용제,전문,,142901BIJ,약품기본정보.pdf,2026-06-26
3,9,대원디아제팜주사액2밀리리터(수출대원제약(주),,671800310,주사약품 삭제,정신신경용제,전문,,142901BIJ,약품기본정보.pdf,2026-06-26
3,10,대원루미날주사200밀리그람(페노바대원제약(주),,671803711,주사약품비급여,,전문,,211831BIJ,약품기본정보.pdf,2026-06-26
3,11,대원루미날주사액(주사용페노바르대원제약(주),,671800340,주사약품 삭제,최면진정제,전문,,211830BIJ,약품기본정보.pdf,2026-06-26
3,12,대원미다졸람주15밀리그람/3밀리리대원제약(주),,671800400,주사약품비급여,최면진정제,전문,,195201BIJ,약품기본정보.pdf,2026-06-26
3,13,대원미다졸람주15mg/3ml,대원제약,C01000271,주사약품 삭제,최면진정제,전문,,195201BIJ,약품기본정보.pdf,2026-06-26
3,14,대원미다졸람주5밀리그람/5밀리리대원제약(주),,671800410,주사약품비급여,최면진정제,전문,,195202BIJ,약품기본정보.pdf,2026-06-26
3,15,대원미다졸람주5mg/5ml,대원제약,C01000261,주사약품 삭제,최면진정제,전문,,195202BIJ,약품기본정보.pdf,2026-06-26
3,16,대원알프라졸람정0.25mg,대원제약,G02900191,내복약품 삭제,정신신경용제,전문,,105502ATB,약품기본정보.pdf,2026-06-26
3,17,대원알프라졸람정0.5밀리그람(수출대원제약(주),,671800610,내복약품비급여,정신신경용제,전문,,105505ATB,약품기본정보.pdf,2026-06-26
3,18,대원알프라졸람정0.5mg,대원제약,G02900201,내복약품비급여,정신신경용제,전문,,105505ATB,약품기본정보.pdf,2026-06-26
3,19,대원염산날부핀주사액10밀리그람(수대원제약(주),,671800630,주사약품 삭제,진통， 소,전문,,198901BIJ,약품기본정보.pdf,2026-06-26
3,20,대원염산날부핀주사액10밀리그람(수대원제약(주),,671800631,주사약품 삭제,진통， 소,전문,,198930BIJ,약품기본정보.pdf,2026-06-26
3,21,대원염산날부핀주사액10밀리그람(수대원제약(주),,671800640,주사약품비급여,,전문,,198930BIJ,약품기본정보.pdf,2026-06-26
3,22,대원염산날부핀주사액10mg,대원제약,G01000230,주사약품 삭제,진통， 소,전문,,198901BIJ,약품기본정보.pdf,2026-06-26
3,23,대원페노바르비탈정,대원제약,G02900011,내복약품 삭제,최면진정제,전문,가능,211701ATB,약품기본정보.pdf,2026-06-26
3,24,대원페노바르비탈정(수출명:바르탈대원제약(주),,671801010,내복약품 삭제,최면진정제,전문,가능,211701ATB,약품기본정보.pdf,2026-06-26
3,25,대원페노바르비탈정100밀리그람,대원제약(주),671801020,내복약품비급여,,전문,,211704ATB,약품기본정보.pdf,2026-06-26
3,26,대원페노바르비탈정25밀리그람(수출대원제약(주),,671803880,내복약품비급여,최면진정제,전문,,211703ATB,약품기본정보.pdf,2026-06-26
4,1,대원펜타조신정,대원제약,G02900081,내복약품비급여,진통， 소,전문,,210503ATB,약품기본정보.pdf,2026-06-26
4,2,대원펜타조신정(염산펜타조신),대원제약(주),671801040,내복약품비급여,진통， 소,전문,,210503ATB,약품기본정보.pdf,2026-06-26
4,3,대원펜타조신주,대원제약,G02900071,주사약품 삭제,진통， 소,전문,,210502BIJ,약품기본정보.pdf,2026-06-26
4,4,대원펜타조신주사액,대원제약(주),671801050,주사약품비급여,진통， 소,전문,,210502BIJ,약품기본정보.pdf,2026-06-26
4,5,대한루미날주10%,대한약품공업,G06300051,주사약품 삭제,최면진정제,전문,,211801BIJ,약품기본정보.pdf,2026-06-26
4,6,대한루미날주10%(주사용페노바르비대한약품공업(주),,645100520,주사약품 삭제,최면진정제,전문,,211801BIJ,약품기본정보.pdf,2026-06-26
4,7,대한페노바르비탈정15mg,대한약품공업,G01600051,내복약품 삭제,최면진정제,전문,,211702ATB,약품기본정보.pdf,2026-06-26
4,8,대한페노바르비탈정30mg,대한약품공업,G01600061,내복약품비급여,최면진정제,전문,,211701ATB,약품기본정보.pdf,2026-06-26
4,9,대화노브제정(펜터민염산염)_(37.5대화제약(주),,645603900,내복약품비급여,자율신경제,전문,,552701ATB,약품기본정보.pdf,2026-06-26
4,10,데파스정,종근당,G00100181,내복약품 삭제,정신신경용제,전문,가능,156502ATB,약품기본정보.pdf,2026-06-26
4,11,데파스정0.25밀리그램(에티졸람)_,(주)종근당,643300300,내복약품 급여,정신신경용제,전문,가능,156503ATB,약품기본정보.pdf,2026-06-26
4,12,데파스정0.25mg,종근당,C00400041,내복약품 삭제,정신신경용제,전문,가능,156503ATB,약품기본정보.pdf,2026-06-26
4,13,데파스정0.5밀리그람(에티졸람)_(0(주)종근당,,643300310,내복약품 급여,정신신경용제,전문,,156502ATB,약품기본정보.pdf,2026-06-26
4,14,데파스정1밀리그람(에티졸람)_(1mg(주)종근당,,643300320,내복약품 급여,정신신경용제,전문,,156501ATB,약품기본정보.pdf,2026-06-26
4,15,데파스정1mg,종근당,G00100191,내복약품 삭제,정신신경용제,전문,가능,156501ATB,약품기본정보.pdf,2026-06-26
4,18,도미졸정10밀리그램(졸피뎀타르타르(주)한독휴먼헬스,,682900010,내복약품비급여,최면진정제,전문,,250501ATB,약품기본정보.pdf,2026-06-26
4,19,도미컴정7.5밀리그람(미다졸람),(주)한국로슈,645000020,내복약품 삭제,최면진정제,전문,,195301ATB,약품기본정보.pdf,2026-06-26
4,20,도미컴정7.5mg,한국로슈,G11400111,내복약품 삭제,최면진정제,전문,,195301ATB,약품기본정보.pdf,2026-06-26
4,21,도미컴정7.5mg,한국로슈,M00140031,내복약품 삭제,최면진정제,전문,가능,195301ATB,약품기본정보.pdf,2026-06-26
4,22,도미컴주15밀리그람/3밀리리터(미(주)한국로슈,,645000030,주사약품 삭제,최면진정제,전문,,195201BIJ,약품기본정보.pdf,2026-06-26
4,23,도미컴주15MG,한국로슈,G11400101,주사약품 삭제,최면진정제,전문,,B0136301,약품기본정보.pdf,2026-06-26
4,24,도미컴주15mg/3ml,한국로슈,T00290011,주사약품 삭제,최면진정제,전문,,195201BIJ,약품기본정보.pdf,2026-06-26
4,25,도미컴주50mg,한국로슈,G11400121,주사약품 삭제,최면진정제,전문,,195203BIJ,약품기본정보.pdf,2026-06-26
4,26,도미컴주5밀리그람/5밀리리터(미다(주)한국로슈,,645000040,주사약품 삭제,최면진정제,전문,,195202BIJ,약품기본정보.pdf,2026-06-26
5,1,도미컴주5MG,한국로슈,G11400131,주사약품 삭제,최면진정제,전문,,B0221801,약품기본정보.pdf,2026-06-26
5,2,도미컴주5mg/5ml,한국로슈,T00290021,주사약품 삭제,최면진정제,전문,,195202BIJ,약품기본정보.pdf,2026-06-26
5,3,동광 주사용치오펜탈엠주사 500mg,동광제약,G07100051,주사약품 삭제,전신마취제,전문,,313500BIJ,약품기본정보.pdf,2026-06-26
5,4,동광염산날부핀주10밀리그람,동광제약(주),645900790,주사약품비급여,진통， 소,전문,,198901BIJ,약품기본정보.pdf,2026-06-26
5,5,동광염산날부핀주10mg,동광제약,G02000051,주사약품 삭제,진통， 소,전문,,198901BIJ,약품기본정보.pdf,2026-06-26
5,6,동광염산날부핀주20밀리그람,동광제약(주),645900800,주사약품비급여,진통， 소,전문,,198902BIJ,약품기본정보.pdf,2026-06-26
5,7,동광염산날부핀주20mg,동광제약,G02000061,주사약품 삭제,진통， 소,전문,,198902BIJ,약품기본정보.pdf,2026-06-26
5,8,동광주사용치오펜탈엠주사500밀리그동광제약(주),,645900960,주사약품비급여,전신마취제,전문,,313500BIJ,약품기본정보.pdf,2026-06-26
5,9,동광프로포폴주,동광제약(주),645901050,주사약품비급여,전신마취제,전문,,219803BIJ,약품기본정보.pdf,2026-06-26
5,10,동신치오펜톤나트륨주,동신제약,G14600031,주사약품 삭제,전신마취제,전문,,313500BIJ,약품기본정보.pdf,2026-06-26
5,11,동아트랑센주20밀리그람(클로라제핀동아제약(주),,642501220,주사약품비급여,정신신경용제,전문,,137103BIJ,약품기본정보.pdf,2026-06-26
5,12,동아트랑센주20MG,동아제약,G00300071,주사약품 삭제,정신신경용제,전문,,B0058201,약품기본정보.pdf,2026-06-26
5,13,동아트랑센주50밀리그람(클로라제핀동아제약(주),,642501230,주사약품비급여,정신신경용제,전문,,137104BIJ,약품기본정보.pdf,2026-06-26
5,14,동아트랑센주50MG,동아제약,G00300081,주사약품 삭제,정신신경용제,전문,,B0058301,약품기본정보.pdf,2026-06-26
5,15,동아트랑센캅셀10mg,동아제약,G00300061,내복약품 삭제,정신신경용제,전문,가능,137101ACH,약품기본정보.pdf,2026-06-26
5,16,동아트랑센캅셀5mg,동아제약,G00300051,내복약품 삭제,정신신경용제,전문,가능,137102ACH,약품기본정보.pdf,2026-06-26
5,17,동아트랑센캡슐10밀리그램(클로라제동아에스티(주),,642501240,내복약품 삭제,정신신경용제,전문,가능,137101ACH,약품기본정보.pdf,2026-06-26
5,18,동아트랑센캡슐5밀리그램(클로라제동아에스티(주),,642501250,내복약품 삭제,정신신경용제,전문,가능,137102ACH,약품기본정보.pdf,2026-06-26
5,19,동양디아제팜정5MG,동양제약,G11200021,내복약품 삭제,정신신경용제,전문,,A0066101,약품기본정보.pdf,2026-06-26
5,20,디아진주(디아제팜)(동물용),대한뉴팜(주),669900880,주사약품비급여,정신신경용제,전문,,142903BIJ,약품기본정보.pdf,2026-06-26
5,21,디에타민정(수출명:DIETOP)(염산펜(주)대웅제약,,641601110,내복약품비급여,,전문,,552701ATB,약품기본정보.pdf,2026-06-26
5,22,디에타민정(염산펜터민)_(37.5mg/,(주)대웅제약,641601120,내복약품비급여,자율신경제,전문,,552701ATB,약품기본정보.pdf,2026-06-26
5,23,디에트정(펜디메트라진타르타르산(주)제이알피,,658200200,내복약품비급여,자율신경제,전문,,552601ATB,약품기본정보.pdf,2026-06-26
5,24,디펠정100밀리그램,대원제약(주),671801230,내복약품비급여,항전간제,전문,,146801ATB,약품기본정보.pdf,2026-06-26
5,25,디펠정100mg,대원제약,G02900121,내복약품비급여,항전간제,전문,,146801ATB,약품기본정보.pdf,2026-06-26
6,2,디피온정(디에틸프로피온염산염)_,(주)바이넥스,643100130,내복약품비급여,자율신경제,전문,,551601ATB,약품기본정보.pdf,2026-06-26
6,3,디피정,하나제약,G00500061,내복약품 삭제,항전간제,전문,,251600ATB,약품기본정보.pdf,2026-06-26
6,4,라이트진정(주석산펜디메트라진)_,(주)한국비엠아이,654800080,내복약품비급여,자율신경제,전문,,552601ATB,약품기본정보.pdf,2026-06-26
6,5,라제반정0.5밀리그람(로라제팜),명문제약(주),649800360,내복약품비급여,정신신경용제,전문,,185504ATB,약품기본정보.pdf,2026-06-26
6,6,라제반정0.5mg,명문제약,G03700191,내복약품비급여,정신신경용제,전문,,185504ATB,약품기본정보.pdf,2026-06-26
6,7,라제반정0.5MG,명문제약,G15100131,내복약품 삭제,정신신경용제,전문,,A0122501,약품기본정보.pdf,2026-06-26
6,8,라제반정1밀리그람(로라제팜),명문제약(주),649800370,내복약품비급여,정신신경용제,전문,,185501ATB,약품기본정보.pdf,2026-06-26
6,9,라제반정1mg,명문제약,G03700201,내복약품비급여,정신신경용제,전문,,185501ATB,약품기본정보.pdf,2026-06-26
6,10,라제반정1MG,명문제약,G15100141,내복약품 삭제,정신신경용제,전문,,A0122201,약품기본정보.pdf,2026-06-26
6,11,라제반정2밀리그람(로라제팜),명문제약(주),649800380,내복약품비급여,정신신경용제,전문,,185503ATB,약품기본정보.pdf,2026-06-26
6,12,라제반정2mg,명문제약,G03700181,내복약품비급여,정신신경용제,전문,,185503ATB,약품기본정보.pdf,2026-06-26
6,13,라제반정2MG,명문제약,G15100121,내복약품 삭제,정신신경용제,전문,,A0122301,약품기본정보.pdf,2026-06-26
6,14,라제팜정,환인제약,G01000221,내복약품 삭제,최면진정제,전문,가능,160601ATB,약품기본정보.pdf,2026-06-26
6,15,라제팜정(플루니트라제팜)_(1mg/1정환인제약(주),,657200130,내복약품 급여,최면진정제,전문,가능,160601ATB,약품기본정보.pdf,2026-06-26
6,16,라크젠캅셀,대화제약,G05100021,내복약품비급여,정신신경용제,전문,,137101ACH,약품기본정보.pdf,2026-06-26
6,17,러미라정,(주)한국로슈,645000680,내복약품비급여,진해거담제,전문,,142601ATB,약품기본정보.pdf,2026-06-26
6,18,러미라정,한국로슈,G03000071,내복약품 삭제,진해거담제,전문,,142601ATB,약품기본정보.pdf,2026-06-26
6,19,레노씬정(디에틸프로피온염산염)_,명문제약(주),649800420,내복약품비급여,자율신경제,전문,,551601ATB,약품기본정보.pdf,2026-06-26
6,20,레놀판주사,한림제약,G12700051,주사약품 삭제,진통， 소,전문,,120202BIJ,약품기본정보.pdf,2026-06-26
6,21,레놀판주사(염산부프레노르핀)(수출한림제약(주),,645300300,주사약품 삭제,진통， 소,전문,,120202BIJ,약품기본정보.pdf,2026-06-26
6,22,레놀판주사(염산부프레노르핀)(수출한림제약(주),,645300301,주사약품 삭제,진통， 소,전문,,120230BIJ,약품기본정보.pdf,2026-06-26
6,23,레놀판주사0.2mg,한림제약,G12700061,주사약품 삭제,진통， 소,전문,,120201BIJ,약품기본정보.pdf,2026-06-26
6,24,레디펜정(펜터민염산염)_(37.5mg/,명문제약(주),649800430,내복약품비급여,자율신경제,전문,,552701ATB,약품기본정보.pdf,2026-06-26
6,25,레스타스정,삼아약품,G02300051,내복약품 삭제,정신신경용제,전문,,410201ATB,약품기본정보.pdf,2026-06-26
6,26,레스타스정(플루토프라제팜),삼아제약(주),645700270,내복약품비급여,정신신경용제,전문,,410201ATB,약품기본정보.pdf,2026-06-26
7,1,레스피렌시럽 5밀리그람/밀리리터한화제약(주),,651602020,내복약품비급여,진해거담제,전문,,250402ASY,약품기본정보.pdf,2026-06-26
7,2,레스피렌시럽 5밀리그람/밀리리터한화제약(주),,651602021,내복약품비급여,,전문,,250403ASY,약품기본정보.pdf,2026-06-26
7,3,레스피렌시럽5밀리그람/밀리리터(,아주약품(주),654000160,내복약품 삭제,진해거담제,전문,,250402ASY,약품기본정보.pdf,2026-06-26
7,4,레스피렌시럽5mg/ml,건일제약,G03900141,내복약품 삭제,진해거담제,전문,,250402ASY,약품기본정보.pdf,2026-06-26
7,5,레스피렌시럽5mg/ml,아주약품공업,G09900021,내복약품 삭제,진해거담제,전문,,250402ASY,약품기본정보.pdf,2026-06-26
7,6,레스피렌정,건일제약,G03900131,내복약품 삭제,진해거담제,전문,,250401ATB,약품기본정보.pdf,2026-06-26
7,7,레스피렌정,아주약품공업,G09900011,내복약품 삭제,진해거담제,전문,가능,250401ATB,약품기본정보.pdf,2026-06-26
7,8,레스피렌정 37.5밀리그람(지페프롤아주약품(주),,654000170,내복약품 삭제,진해거담제,전문,,250401ATB,약품기본정보.pdf,2026-06-26
7,9,레티스정(펜터민염산염)_(37.5mg/,(주)제이알피,658200310,내복약품비급여,자율신경제,전문,,552701ATB,약품기본정보.pdf,2026-06-26
7,10,레피온정(디에틸프로피온염산염)_,콜마파마(주),698003160,내복약품비급여,,전문,,551601ATB,약품기본정보.pdf,2026-06-26
7,11,렉토팜정3밀리그람(브로마제팜),(주)한국로슈,645000060,내복약품 삭제,정신신경용제,전문,,118501ATB,약품기본정보.pdf,2026-06-26
7,12,렉토팜정3mg,한국로슈,G11400031,내복약품 삭제,정신신경용제,전문,,118501ATB,약품기본정보.pdf,2026-06-26
7,13,렉토팜정3mg,한국로슈,M00140041,내복약품 삭제,정신신경용제,전문,가능,118501ATB,약품기본정보.pdf,2026-06-26
7,16,로라반정0.5밀리그램(로라제팜)_(0환인제약(주),,657200180,내복약품 급여,정신신경용제,전문,,185504ATB,약품기본정보.pdf,2026-06-26
7,17,로라반정0.5mg,환인제약,G01000261,내복약품 삭제,정신신경용제,전문,가능,185504ATB,약품기본정보.pdf,2026-06-26
7,18,로라반정1밀리그램(로라제팜)_(1mg환인제약(주),,657200190,내복약품 급여,정신신경용제,전문,,185501ATB,약품기본정보.pdf,2026-06-26
7,19,로라반정1mg,환인제약,G01000241,내복약품 삭제,정신신경용제,전문,가능,185501ATB,약품기본정보.pdf,2026-06-26
7,20,로라반주,환인제약,G01000271,주사약품 삭제,정신신경용제,전문,,185502BIJ,약품기본정보.pdf,2026-06-26
7,21,로마팜정,극동제약,G16000031,내복약품 삭제,정신신경용제,전문,,A0027601,약품기본정보.pdf,2026-06-26
7,22,로스정,바이넥스,G03300031,내복약품 삭제,항전간제,전문,,251600ATB,약품기본정보.pdf,2026-06-26
7,23,로우칼정(펜터민염산염)_(37.5mg/,유니메드제약(주),649500530,내복약품비급여,자율신경제,전문,,552701ATB,약품기본정보.pdf,2026-06-26
7,24,로우칼캡슐(염산펜터민)_(37.5mg/,유니메드제약(주),649500540,내복약품비급여,자율신경제,전문,,552701ACH,약품기본정보.pdf,2026-06-26
7,25,로제팜주사액,메디카코리아,G10000011,주사약품 삭제,정신신경용제,전문,,185502BIJ,약품기본정보.pdf,2026-06-26
7,26,로제팜주사액(로라제팜),(주)메디카코리아,646003030,주사약품비급여,정신신경용제,전문,,185502BIJ,약품기본정보.pdf,2026-06-26
8,1,"로지팜정3밀리그람(브로마제팜),",브명인제약(주),651900310,내복약품비급여,정신신경용제,전문,,118501ATB,약품기본정보.pdf,2026-06-26
8,2,로팜정,명문제약,G15100161,내복약품 삭제,정신신경용제,전문,,A0900401,약품기본정보.pdf,2026-06-26
8,3,로팜정(로르메타제팜),명문제약(주),649800610,내복약품비급여,최면진정제,전문,,551201ATB,약품기본정보.pdf,2026-06-26
8,4,로페트정(펜터민염산염)_(37.5mg/,우리들제약(주),670100310,내복약품비급여,자율신경제,전문,,552701ATB,약품기본정보.pdf,2026-06-26
8,5,루나팜정,명인제약,G12000081,내복약품 삭제,최면진정제,전문,가능,160601ATB,약품기본정보.pdf,2026-06-26
8,6,루나팜정(플루니트라제팜)_(1mg/1정명인제약(주),,651900330,내복약품 급여,최면진정제,전문,가능,160601ATB,약품기본정보.pdf,2026-06-26
8,7,루미날주사,대원제약,G02900021,주사약품 삭제,최면진정제,전문,,211801BIJ,약품기본정보.pdf,2026-06-26
8,8,리버티정10밀리그램(클로르디아제폭환인제약(주),,657200210,내복약품 급여,정신신경용제,전문,가능,131201ATB,약품기본정보.pdf,2026-06-26
8,9,리버티정10mg,환인제약,G01000211,내복약품 삭제,정신신경용제,전문,가능,131201ATB,약품기본정보.pdf,2026-06-26
8,10,리버티정5밀리그램(클로르디아제폭환인제약(주),,657200200,내복약품 급여,정신신경용제,전문,가능,131202ATB,약품기본정보.pdf,2026-06-26
8,11,리버티정5mg,환인제약,G01000381,내복약품 삭제,정신신경용제,전문,가능,131202ATB,약품기본정보.pdf,2026-06-26
8,12,리버티캅셀10MG,환인제약,G01000031,내복약품 삭제,정신신경용제,전문,,A0046101,약품기본정보.pdf,2026-06-26
8,13,리버티캅셀5MG,환인제약,G01000151,내복약품 삭제,정신신경용제,전문,,A0046001,약품기본정보.pdf,2026-06-26
8,14,리보트릴정,한국로슈,G11400011,내복약품 삭제,항전간제,전문,,136401ATB,약품기본정보.pdf,2026-06-26
8,15,리보트릴정,한국로슈,M00140051,내복약품 삭제,항전간제,전문,가능,136401ATB,약품기본정보.pdf,2026-06-26
8,16,리보트릴정(클로나제팜)_(0.5mg/1정(주)종근당,,643308800,내복약품 급여,항전간제,전문,,136401ATB,약품기본정보.pdf,2026-06-26
8,17,리보트릴정(클로나제팜)_(0.5mg/1정(주)한국로슈,,645000160,내복약품 삭제,항전간제,전문,가능,136401ATB,약품기본정보.pdf,2026-06-26
8,18,리브락스정,한국로슈,G11400081,내복약품 삭제,정신신경용제,전문,,A0041602,약품기본정보.pdf,2026-06-26
8,19,리브락스정,고려제약,G17000021,내복약품 삭제,정신신경용제,전문,,255800ATB,약품기본정보.pdf,2026-06-26
8,20,리브락스정_(1정),고려제약(주),642800500,내복약품 급여,정신신경용제,전문,,255800ATB,약품기본정보.pdf,2026-06-26
8,21,리제정10밀리그람(클로티아제팜)_,(주)대웅제약,641601210,내복약품비급여,정신신경용제,전문,,137301ATB,약품기본정보.pdf,2026-06-26
8,22,리제정10mg,대웅제약,G07000041,내복약품 삭제,정신신경용제,전문,,137301ATB,약품기본정보.pdf,2026-06-26
8,23,리제정5밀리그람(클로티아제팜)_(5(주)대웅제약,,641601220,내복약품비급여,정신신경용제,전문,,137302ATB,약품기본정보.pdf,2026-06-26
8,24,리제정5밀리그램(클로티아제팜)_(5(주)대웅제약,,641601230,내복약품 삭제,정신신경용제,전문,가능,137302ATB,약품기본정보.pdf,2026-06-26
8,25,리제정5mg,대웅제약,G07000031,내복약품 삭제,정신신경용제,전문,가능,137302ATB,약품기본정보.pdf,2026-06-26
9,4,마자놀정(마진돌)_(1mg/1정),광동제약(주),641801570,내복약품비급여,자율신경제,전문,,551401ATB,약품기본정보.pdf,2026-06-26
9,5,맥널티 투씬디엠 시럽(수출용),한국맥널티(주),641501120,내복약품비급여,의 호흡기관,전문,,557700ASY,약품기본정보.pdf,2026-06-26
9,6,맥널티 투씬디엠 시럽(수출용),한국맥널티(주),641501410,내복약품비급여,의 호흡기관,전문,,557700ASY,약품기본정보.pdf,2026-06-26
9,7,맥스콜정,인바이오넷,G09600011,내복약품 삭제,진통， 소,전문,,462600ATB,약품기본정보.pdf,2026-06-26
9,8,메디반주,한올제약,G07900051,주사약품 삭제,정신신경용제,전문,,B0122401,약품기본정보.pdf,2026-06-26
9,9,메디키넷리타드캡슐10mg(메틸페니명인제약(주),,651903650,내복약품 급여,성제， 흥분,전문,가능,193201ACR,약품기본정보.pdf,2026-06-26
9,10,메디키넷리타드캡슐20mg(메틸페니명인제약(주),,651903670,내복약품 급여,성제， 흥분,전문,가능,193205ACR,약품기본정보.pdf,2026-06-26
9,11,메디키넷리타드캡슐30mg(메틸페니명인제약(주),,651903660,내복약품 급여,성제， 흥분,전문,가능,193207ACR,약품기본정보.pdf,2026-06-26
9,12,메디키넷리타드캡슐40mg(메틸페니명인제약(주),,651903640,내복약품 급여,성제， 흥분,전문,가능,193208ACR,약품기본정보.pdf,2026-06-26
9,13,메디키넷리타드캡슐5mg(메틸페니데명인제약(주),,651903630,내복약품 급여,성제， 흥분,전문,가능,193202ACR,약품기본정보.pdf,2026-06-26
9,14,메로드정2밀리그람(디아제팜),동화약품(주),642701390,내복약품 삭제,정신신경용제,전문,가능,142902ATB,약품기본정보.pdf,2026-06-26
9,15,메로드정2mg,동화약품공업,G00700081,내복약품 삭제,정신신경용제,전문,가능,142902ATB,약품기본정보.pdf,2026-06-26
9,16,메로드정5밀리그람(디아제팜),동화약품(주),642701400,내복약품 삭제,정신신경용제,전문,가능,142903ATB,약품기본정보.pdf,2026-06-26
9,17,메로드정5mg,동화약품공업,G00700051,내복약품 삭제,정신신경용제,전문,가능,142903ATB,약품기본정보.pdf,2026-06-26
9,18,메로드주사액,동화약품공업,G00700071,주사약품 삭제,정신신경용제,전문,,142901BIJ,약품기본정보.pdf,2026-06-26
9,19,메로드주사액(디아제팜),동화약품(주),642701410,주사약품 삭제,정신신경용제,전문,,142901BIJ,약품기본정보.pdf,2026-06-26
9,20,메로드주사액(디아제팜)_(10mg/2mL동화약품(주),,642701411,주사약품 삭제,정신신경용제,전문,,142930BIJ,약품기본정보.pdf,2026-06-26
9,21,메리움세립(멕사졸람),한화제약(주),651600180,내복약품비급여,정신신경용제,전문,,194202APD,약품기본정보.pdf,2026-06-26
9,22,메리움정0.5밀리그람(멕사졸람)_(0한화제약(주),,651600190,내복약품 삭제,정신신경용제,전문,가능,194201ATB,약품기본정보.pdf,2026-06-26
9,23,메리움정0.5mg,한화제약,G14800051,내복약품 삭제,정신신경용제,전문,가능,194201ATB,약품기본정보.pdf,2026-06-26
9,24,메리움정1밀리그람(멕사졸람),한화제약(주),651600200,내복약품 삭제,정신신경용제,전문,가능,194202ATB,약품기본정보.pdf,2026-06-26
9,25,메리움정1mg,한화제약,G14800061,내복약품 삭제,정신신경용제,전문,가능,194202ATB,약품기본정보.pdf,2026-06-26
9,26,메칠펜정,SK케미칼,G04800041,내복약품 삭제,성제， 흥분,전문,가능,193201ATB,약품기본정보.pdf,2026-06-26
10,1,메칠펜정(메틸페니데이트염산염),에스케이케미칼(주,644700580,내복약품 삭제,성제， 흥분,전문,가능,193201ATB,약품기본정보.pdf,2026-06-26
10,2,메타데이트CD서방캡슐,환인제약,G02500021,내복약품 삭제,성제， 흥분,전문,가능,193205ACR,약품기본정보.pdf,2026-06-26
10,3,메타데이트CD서방캡슐10밀리그램(,환인제약(주),657200260,내복약품 삭제,성제， 흥분,전문,가능,193201ACR,약품기본정보.pdf,2026-06-26
10,4,메타데이트CD서방캡슐10mg,환인제약,M00250031,내복약품 삭제,성제， 흥분,전문,가능,193201ACR,약품기본정보.pdf,2026-06-26
10,5,메타데이트CD서방캡슐20밀리그램(,환인제약(주),657200270,내복약품 삭제,성제， 흥분,전문,가능,193205ACR,약품기본정보.pdf,2026-06-26
10,6,메타데이트CD서방캡슐30밀리그램(,환인제약(주),657200280,내복약품 삭제,성제， 흥분,전문,가능,193207ACR,약품기본정보.pdf,2026-06-26
10,7,메타데이트CD서방캡슐30mg,환인제약,M00250041,내복약품 삭제,성제， 흥분,전문,가능,193207ACR,약품기본정보.pdf,2026-06-26
10,8,메타맥스정(염산펜터민)_(37.5mg/,구주제약(주),669801040,내복약품비급여,자율신경제,전문,,552701ATB,약품기본정보.pdf,2026-06-26
10,9,메페린정,휴온스,C07000111,내복약품 삭제,성제， 흥분,전문,가능,193201ATB,약품기본정보.pdf,2026-06-26
10,10,메페린정(메틸페니데이트염산염),(주)휴온스,670600830,내복약품비급여,성제， 흥분,전문,,193201ATB,약품기본정보.pdf,2026-06-26
10,11,명문디아제팜정2밀리그람,명문제약(주),649800880,내복약품비급여,정신신경용제,전문,,142902ATB,약품기본정보.pdf,2026-06-26
10,12,명문디아제팜정2mg,명문제약,G03700061,내복약품비급여,정신신경용제,전문,,142902ATB,약품기본정보.pdf,2026-06-26
10,13,명문디아제팜정5밀리그람,명문제약(주),649800890,내복약품비급여,정신신경용제,전문,,142903ATB,약품기본정보.pdf,2026-06-26
10,14,명문디아제팜정5mg,명문제약,G03700071,내복약품비급여,정신신경용제,전문,,142903ATB,약품기본정보.pdf,2026-06-26
10,15,명문디아제팜주사5밀리그람/밀리리명문제약(주),,649800900,주사약품비급여,정신신경용제,전문,,142903BIJ,약품기본정보.pdf,2026-06-26
10,16,명문알프라졸람정0.25밀리그램_(0,명문제약(주),649806790,내복약품 급여,정신신경용제,전문,가능,105502ATB,약품기본정보.pdf,2026-06-26
10,17,명문알프라졸람정0.5밀리그램_(0.5명문제약(주),,649806800,내복약품 급여,정신신경용제,전문,가능,105505ATB,약품기본정보.pdf,2026-06-26
10,18,명문염산부프레노르핀주사,명문제약(주),649801300,주사약품비급여,진통， 소,전문,,120202BIJ,약품기본정보.pdf,2026-06-26
10,19,명문염산부프레노르핀주사,명문제약,G03700101,주사약품 삭제,진통， 소,전문,,120202BIJ,약품기본정보.pdf,2026-06-26
10,20,명문염산부프레노르핀주사324MCG,명문제약,G15100081,주사약품 삭제,진통， 소,전문,,B0030301,약품기본정보.pdf,2026-06-26
10,21,명문펜타조신정25밀리그람,명문제약(주),649801510,내복약품비급여,진통， 소,전문,,210501ATB,약품기본정보.pdf,2026-06-26
10,22,명문펜타조신정25mg,명문제약,G03700031,내복약품비급여,진통， 소,전문,,210501ATB,약품기본정보.pdf,2026-06-26
10,23,명문펜타조신정50밀리그람,명문제약(주),649801520,내복약품비급여,진통， 소,전문,,210503ATB,약품기본정보.pdf,2026-06-26
10,24,명문펜타조신정50mg,명문제약,G03700041,내복약품비급여,진통， 소,전문,,210503ATB,약품기본정보.pdf,2026-06-26
10,25,명문펜타조신주사,명문제약(주),649801530,주사약품비급여,진통， 소,전문,,210502BIJ,약품기본정보.pdf,2026-06-26
10,26,명문펜타조신주사,명문제약,G03700021,주사약품 삭제,진통， 소,전문,,210502BIJ,약품기본정보.pdf,2026-06-26
11,1,명인 브로마제팜정 3mg(구:명인브로명인제약,,G12000281,내복약품 삭제,정신신경용제,전문,가능,118501ATB,약품기본정보.pdf,2026-06-26
11,2,명인디아제팜정10밀리그람_(10mg/,명인제약(주),651900520,내복약품 급여,정신신경용제,전문,가능,142901ATB,약품기본정보.pdf,2026-06-26
11,3,명인디아제팜정10mg,명인제약,G12000071,내복약품 삭제,정신신경용제,전문,가능,142901ATB,약품기본정보.pdf,2026-06-26
11,4,명인디아제팜정2밀리그람_(2mg/1정명인제약(주),,651900530,내복약품 급여,정신신경용제,전문,가능,142902ATB,약품기본정보.pdf,2026-06-26
11,5,명인디아제팜정2mg,명인제약,G12000051,내복약품 삭제,정신신경용제,전문,가능,142902ATB,약품기본정보.pdf,2026-06-26
11,6,명인디아제팜정5밀리그람_(5mg/1정명인제약(주),,651900540,내복약품 급여,정신신경용제,전문,가능,142903ATB,약품기본정보.pdf,2026-06-26
11,7,명인디아제팜정5mg,명인제약,G12000061,내복약품 삭제,정신신경용제,전문,가능,142903ATB,약품기본정보.pdf,2026-06-26
11,8,명인디아제팜주,명인제약(주),651900550,주사약품 삭제,정신신경용제,전문,,142901BIJ,약품기본정보.pdf,2026-06-26
11,9,명인디아제팜주,명인제약,G12000141,주사약품 삭제,정신신경용제,전문,,142901BIJ,약품기본정보.pdf,2026-06-26
11,10,명인디아제팜주_(10mg/2mL),명인제약(주),651900551,주사약품 삭제,정신신경용제,전문,,142930BIJ,약품기본정보.pdf,2026-06-26
11,11,명인브로마제팜정1.5밀리그람[수출명인제약(주),,651900630,내복약품비급여,정신신경용제,전문,,118502ATB,약품기본정보.pdf,2026-06-26
11,12,명인브로마제팜정3밀리그람[(수출명인제약(주),,651900640,내복약품 급여,정신신경용제,전문,가능,118501ATB,약품기본정보.pdf,2026-06-26
11,13,명인페노바르비탈정,명인제약,G12000301,내복약품 삭제,최면진정제,전문,,211701ATB,약품기본정보.pdf,2026-06-26
11,14,명인페노바르비탈정30밀리그람,명인제약(주),651900900,내복약품비급여,최면진정제,전문,,211701ATB,약품기본정보.pdf,2026-06-26
11,15,모가돈정,한국로슈,G11400041,내복약품 삭제,최면진정제,전문,,A0144701,약품기본정보.pdf,2026-06-26
11,16,모토린주사10밀리리터(염산케타민명문제약(주),,649801690,주사약품 삭제,전신마취제,전문,,179502BIJ,약품기본정보.pdf,2026-06-26
11,17,모토린주사50mg/ml,명문제약,C03700381,주사약품 삭제,전신마취제,전문,,179502BIJ,약품기본정보.pdf,2026-06-26
11,18,미다컴주15밀리그람(미다졸람),명문제약(주),649801720,주사약품 삭제,최면진정제,전문,가능,195201BIJ,약품기본정보.pdf,2026-06-26
11,19,미다컴주15밀리그람(미다졸람)_(15명문제약(주),,649801721,주사약품 급여,최면진정제,전문,,195232BIJ,약품기본정보.pdf,2026-06-26
11,20,미다컴주15mg,명문제약,G03700331,주사약품 삭제,최면진정제,전문,,195201BIJ,약품기본정보.pdf,2026-06-26
11,21,미다컴주5밀리그람(미다졸람),명문제약(주),649801740,주사약품 삭제,최면진정제,전문,가능,195202BIJ,약품기본정보.pdf,2026-06-26
11,22,미다컴주5밀리그람(미다졸람)_(5mg명문제약(주),,649801741,주사약품 급여,최면진정제,전문,,195231BIJ,약품기본정보.pdf,2026-06-26
11,23,미다컴주5mg,명문제약,G03700321,주사약품 삭제,최면진정제,전문,,195202BIJ,약품기본정보.pdf,2026-06-26
11,24,미졸람주15mg/3ml,휴온스,C07000151,주사약품 삭제,최면진정제,전문,,195201BIJ,약품기본정보.pdf,2026-06-26
11,25,미졸람주1mg/ml(미다졸람),(주)휴온스,670600900,주사약품비급여,최면진정제,전문,,195204BIJ,약품기본정보.pdf,2026-06-26
11,26,미졸람주1mg/ml(미다졸람),(주)휴온스,670605400,주사약품 삭제,최면진정제,전문,,195202BIJ,약품기본정보.pdf,2026-06-26
12,1,미졸람주1mg/ml(미다졸람)_(5mg/5m(주)휴온스,,670605401,주사약품 급여,최면진정제,전문,,195231BIJ,약품기본정보.pdf,2026-06-26
12,2,미졸람주3mg/3ml,휴온스,C07000141,주사약품 삭제,최면진정제,전문,,195204BIJ,약품기본정보.pdf,2026-06-26
12,3,미졸람주50mg/10ml,휴온스,C07000152,주사약품 삭제,최면진정제,전문,,195203BIJ,약품기본정보.pdf,2026-06-26
12,4,미졸람주5mg/5ml,휴온스,C07000142,주사약품 삭제,최면진정제,전문,,195202BIJ,약품기본정보.pdf,2026-06-26
12,5,미졸람주5mg/ml(미다졸람),(주)휴온스,670600930,주사약품 삭제,최면진정제,전문,,195203BIJ,약품기본정보.pdf,2026-06-26
12,6,바류제팜정2mg,환인제약,G01000171,내복약품 삭제,정신신경용제,전문,,142902ATB,약품기본정보.pdf,2026-06-26
12,7,바류제팜정5mg,환인제약,G01000181,내복약품비급여,정신신경용제,전문,,142903ATB,약품기본정보.pdf,2026-06-26
12,8,바류제팜주,환인제약,G01000231,주사약품 삭제,정신신경용제,전문,,B0066201,약품기본정보.pdf,2026-06-26
12,9,바리움정2밀리그람(디아제팜),(주)한국로슈,645000240,내복약품 삭제,정신신경용제,전문,가능,142902ATB,약품기본정보.pdf,2026-06-26
12,10,바리움정2mg,한국로슈,G11400051,내복약품 삭제,정신신경용제,전문,,142902ATB,약품기본정보.pdf,2026-06-26
12,11,바리움정2mg,한국로슈,M00140071,내복약품 삭제,정신신경용제,전문,가능,142902ATB,약품기본정보.pdf,2026-06-26
12,13,바리움정5밀리그람(디아제팜)_(5mg(주)종근당,,643308810,내복약품 삭제,정신신경용제,전문,,142903ATB,약품기본정보.pdf,2026-06-26
12,14,바리움정5밀리그람(디아제팜)_(5mg(주)한국로슈,,645000250,내복약품 삭제,정신신경용제,전문,가능,142903ATB,약품기본정보.pdf,2026-06-26
12,15,바리움정5mg,한국로슈,G11400061,내복약품 삭제,정신신경용제,전문,,142903ATB,약품기본정보.pdf,2026-06-26
12,16,바리움정5mg,한국로슈,M00140061,내복약품 삭제,정신신경용제,전문,가능,142903ATB,약품기본정보.pdf,2026-06-26
12,17,바리움주10mg,한국로슈,G11400091,주사약품 삭제,정신신경용제,전문,,142901BIJ,약품기본정보.pdf,2026-06-26
12,18,바스캄주(구:바스캄주5mg),하나제약,G00500121,주사약품 삭제,최면진정제,전문,,195202BIJ,약품기본정보.pdf,2026-06-26
12,19,바스캄주(미다졸람),하나제약(주),657800810,주사약품 삭제,최면진정제,전문,,195204BIJ,약품기본정보.pdf,2026-06-26
12,20,바스캄주(미다졸람),하나제약(주),657800820,주사약품 삭제,최면진정제,전문,가능,195202BIJ,약품기본정보.pdf,2026-06-26
12,21,바스캄주(미다졸람)_(3mg/3mL),하나제약(주),657800811,주사약품 급여,최면진정제,전문,,195230BIJ,약품기본정보.pdf,2026-06-26
12,22,바스캄주(미다졸람)_(5mg/5mL),하나제약(주),657800821,주사약품 급여,최면진정제,전문,,195231BIJ,약품기본정보.pdf,2026-06-26
12,23,바스캄주15밀리그람(미다졸람),하나제약(주),657800800,주사약품 삭제,최면진정제,전문,,195201BIJ,약품기본정보.pdf,2026-06-26
12,24,바스캄주15밀리그람(미다졸람),하나제약(주),657800801,주사약품 급여,최면진정제,전문,,195232BIJ,약품기본정보.pdf,2026-06-26
12,25,바스캄주15mg,하나제약,C00700461,주사약품 삭제,최면진정제,전문,,195201BIJ,약품기본정보.pdf,2026-06-26
12,26,바스캄주15mg,하나제약,G00500131,주사약품 삭제,최면진정제,전문,,195201BIJ,약품기본정보.pdf,2026-06-26
13,1,바이넥스페노바르비탈정,(주)바이넥스,643100780,내복약품 삭제,최면진정제,전문,가능,211701ATB,약품기본정보.pdf,2026-06-26
13,2,바이넥스페노바르비탈정,바이넥스,G11800021,내복약품 삭제,최면진정제,전문,가능,211701ATB,약품기본정보.pdf,2026-06-26
13,3,바이파보주50밀리그램(레미마졸람하나제약(주),,657807451,주사약품비급여,전신마취제,전문,,694101BIJ,약품기본정보.pdf,2026-06-26
13,4,박스터프로포폴1%주사액10밀리리터박스터,,646600540,주사약품 삭제,전신마취제,전문,,219805BIJ,약품기본정보.pdf,2026-06-26
13,5,반도제약염산날부핀주사10mg,한국마이팜제약,G07400011,주사약품 삭제,진통， 소,전문,,198901BIJ,약품기본정보.pdf,2026-06-26
13,6,베아코프에프정,(주)대웅제약,641601490,내복약품 삭제,진통， 소,전문,,433000ATB,약품기본정보.pdf,2026-06-26
13,7,베아코프에프정,대웅제약,G01900051,내복약품 삭제,진통， 소,전문,,433000ATB,약품기본정보.pdf,2026-06-26
13,8,베아콜에프정,(주)대웅제약,641601500,내복약품비급여,진통， 소,전문,,433100ATB,약품기본정보.pdf,2026-06-26
13,9,베아콜에프정,대웅제약,G01900061,내복약품 삭제,진통， 소,전문,,433100ATB,약품기본정보.pdf,2026-06-26
13,10,베아콜정,대웅제약,G01900031,내복약품 삭제,진통， 소,전문,,454100ATB,약품기본정보.pdf,2026-06-26
13,11,베아콜정_(1정),(주)대웅제약,641601510,내복약품비급여,진통， 소,전문,,454100ATB,약품기본정보.pdf,2026-06-26
13,12,벨빅정(로카세린염산염수화물)_(10일동제약(주),,642905330,내복약품비급여,자율신경제,전문,,636201ATB,약품기본정보.pdf,2026-06-26
13,13,본초디아제팜정,본초제약,G06400041,내복약품비급여,정신신경용제,전문,,142903ATB,약품기본정보.pdf,2026-06-26
13,14,본초염산펜타조신정,본초제약,G06400031,내복약품비급여,진통， 소,전문,,210503ATB,약품기본정보.pdf,2026-06-26
13,15,본초옥사제팜정,본초제약,G06400011,내복약품 삭제,정신신경용제,전문,,385101ATB,약품기본정보.pdf,2026-06-26
13,16,본초페노바르비탈정,본초제약,G06400021,내복약품비급여,최면진정제,전문,,211701ATB,약품기본정보.pdf,2026-06-26
13,17,부광 스틸녹스정(구:부광스틸녹스정부광약품,,G07600071,내복약품 삭제,최면진정제,전문,,250501ATB,약품기본정보.pdf,2026-06-26
13,18,부광디아제팜정5밀리그람,부광약품(주),642200640,내복약품 삭제,정신신경용제,전문,가능,142903ATB,약품기본정보.pdf,2026-06-26
13,19,부광디아제팜정5mg,부광약품,G07600031,내복약품 삭제,정신신경용제,전문,가능,142903ATB,약품기본정보.pdf,2026-06-26
13,20,부광디아제팜주10mg,부광약품,G07600061,주사약품 삭제,정신신경용제,전문,,142901BIJ,약품기본정보.pdf,2026-06-26
13,21,부광미다졸람주사,부광약품(주),642200690,주사약품 삭제,최면진정제,전문,,195204BIJ,약품기본정보.pdf,2026-06-26
13,22,부광미다졸람주사,부광약품(주),642200700,주사약품 삭제,최면진정제,전문,가능,195202BIJ,약품기본정보.pdf,2026-06-26
13,23,부광미다졸람주사(구:부광미다졸람부광약품,,G02300041,주사약품 삭제,최면진정제,전문,,195202BIJ,약품기본정보.pdf,2026-06-26
13,24,부광미다졸람주사_(3mg/3mL),부광약품(주),642200691,주사약품 급여,최면진정제,전문,,195230BIJ,약품기본정보.pdf,2026-06-26
13,25,부광미다졸람주사_(5mg/5mL),부광약품(주),642200701,주사약품 급여,최면진정제,전문,,195231BIJ,약품기본정보.pdf,2026-06-26
13,26,부광미다졸람주사15밀리그람/3밀리부광약품(주),,642200710,주사약품 삭제,최면진정제,전문,가능,195201BIJ,약품기본정보.pdf,2026-06-26
14,1,부광미다졸람주사15밀리그램/3밀리부광약품(주),,642200711,주사약품 급여,최면진정제,전문,,195232BIJ,약품기본정보.pdf,2026-06-26
14,2,부광미다졸람주사15mg/3ml,부광약품,G02300052,주사약품 삭제,최면진정제,전문,,195201BIJ,약품기본정보.pdf,2026-06-26
14,3,부놀주사 1mg(구:부놀주사1mg),한림제약,G12700091,주사약품 삭제,진통， 소,전문,,121101BIJ,약품기본정보.pdf,2026-06-26
14,4,부놀주사(주석산부토르파놀)_(1mg/한림제약(주),,645300771,주사약품 삭제,진통， 소,전문,,121130BIJ,약품기본정보.pdf,2026-06-26
14,5,부놀주사1밀리그램(주석산부토르파한림제약(주),,645300770,주사약품 삭제,진통， 소,전문,,121101BIJ,약품기본정보.pdf,2026-06-26
14,6,부놀주사2밀리그람/밀리리터(주석산한림제약(주),,645300780,주사약품 삭제,진통， 소,전문,,121102BIJ,약품기본정보.pdf,2026-06-26
14,7,부놀주사2밀리그람/밀리리터(주석산한림제약(주),,645300781,주사약품 삭제,진통， 소,전문,,121131BIJ,약품기본정보.pdf,2026-06-26
14,8,부놀주사2mg,한림제약,G12700081,주사약품 삭제,진통， 소,전문,,121102BIJ,약품기본정보.pdf,2026-06-26
14,9,부스펜비강분무액,초당약품공업,G02700051,외용약품 삭제,진통， 소,전문,,121103CSI,약품기본정보.pdf,2026-06-26
14,10,부스펜주사 1mg(구:부스펜주사1mg,초당약품공업,G09200081,주사약품 삭제,진통， 소,전문,,121101BIJ,약품기본정보.pdf,2026-06-26
14,11,부스펜주사 2mg(구:부스펜주사2mg,초당약품공업,G09200091,주사약품 삭제,진통， 소,전문,,121102BIJ,약품기본정보.pdf,2026-06-26
14,12,부스펜주사1밀리그람(주석산부토르초당약품공업(주),,670700450,주사약품비급여,진통， 소,전문,,121101BIJ,약품기본정보.pdf,2026-06-26
14,13,부스펜주사2밀리그람(주석산부토르초당약품공업(주),,670700460,주사약품비급여,진통， 소,전문,,121102BIJ,약품기본정보.pdf,2026-06-26
14,14,부토놀주(주석산부토르파놀),구주제약(주),669801390,주사약품비급여,진통， 소,전문,,121102BIJ,약품기본정보.pdf,2026-06-26
14,15,부토란주1mg,대우약품공업,G08900091,주사약품 삭제,진통， 소,전문,,121101BIJ,약품기본정보.pdf,2026-06-26
14,16,부토란주2mg,대우약품공업,G08900101,주사약품 삭제,진통， 소,전문,,121102BIJ,약품기본정보.pdf,2026-06-26
14,17,부토판주사 20MG(구:부토판주사20M명문제약,,G15100153,주사약품 삭제,진통， 소,전문,,B0418601,약품기본정보.pdf,2026-06-26
14,18,부토판주사 2mg(구:부토판주사2mg,명문제약,G15100151,주사약품 삭제,진통， 소,전문,,121102BIJ,약품기본정보.pdf,2026-06-26
14,19,부토판주사 4MG(구:부토판주사4MG,명문제약,G15100152,주사약품 삭제,진통， 소,전문,,B0408601,약품기본정보.pdf,2026-06-26
14,20,부토판주사1밀리그람/밀리리터(부토명문제약(주),,649801911,주사약품 급여,진통， 소,전문,,121130BIJ,약품기본정보.pdf,2026-06-26
14,21,부토판주사1밀리그람/밀리리터(주석명문제약(주),,649801910,주사약품 삭제,진통， 소,전문,,121101BIJ,약품기본정보.pdf,2026-06-26
14,22,부토판주사1mg/ml,명문제약,G15100171,주사약품 삭제,진통， 소,전문,,121101BIJ,약품기본정보.pdf,2026-06-26
14,23,부토판주사2밀리그람/밀리리터(부토명문제약(주),,649801921,주사약품 급여,진통， 소,전문,,121131BIJ,약품기본정보.pdf,2026-06-26
14,24,부토판주사2밀리그람/밀리리터(주석명문제약(주),,649801920,주사약품 삭제,진통， 소,전문,,121102BIJ,약품기본정보.pdf,2026-06-26
14,25,부파놀주사,하나제약,G00500101,주사약품 삭제,진통， 소,전문,,121102BIJ,약품기본정보.pdf,2026-06-26
14,26,부파놀주사(주석산부토르파놀),하나제약(주),657800960,주사약품 삭제,진통， 소,전문,,121102BIJ,약품기본정보.pdf,2026-06-26
15,1,부파놀주사(주석산부토르파놀)_(2m하나제약(주),,657800961,주사약품 삭제,진통， 소,전문,,121131BIJ,약품기본정보.pdf,2026-06-26
15,2,부파놀주사1밀리그람/밀리리터(주석하나제약(주),,657800970,주사약품비급여,진통， 소,전문,,121101BIJ,약품기본정보.pdf,2026-06-26
15,3,부파놀주사1mg/1ml,하나제약,G00500102,주사약품 삭제,진통， 소,전문,,121101BIJ,약품기본정보.pdf,2026-06-26
15,4,부프레논주0.3mg,동신제약,G14600011,주사약품 삭제,진통， 소,전문,,120202BIJ,약품기본정보.pdf,2026-06-26
15,5,부프레인패취35㎍/h(부프레노르핀명문제약(주),,649807440,외용약품 삭제,양， 수렴,전문,,120234CPC,약품기본정보.pdf,2026-06-26
15,6,부프레인패취52.5㎍/h(부프레노르핀명문제약(주),,649807420,외용약품 삭제,양， 수렴,전문,,120235CPC,약품기본정보.pdf,2026-06-26
15,7,부프레인패취70㎍/h(부프레노르핀명문제약(주),,649807430,외용약품 삭제,양， 수렴,전문,,120236CPC,약품기본정보.pdf,2026-06-26
15,8,브라제팜정1.5밀리그람(브로마제팜명인제약(주),,651901230,내복약품비급여,정신신경용제,전문,,118502ATB,약품기본정보.pdf,2026-06-26
15,9,브로팜정,한림제약,G12700071,내복약품 삭제,정신신경용제,전문,,118501ATB,약품기본정보.pdf,2026-06-26
15,10,브로팜정(브로마제팜),한림제약(주),645300810,내복약품비급여,정신신경용제,전문,,118501ATB,약품기본정보.pdf,2026-06-26
15,11,브로팜정1.5말리그람,한림제약(주),645300820,내복약품비급여,정신신경용제,전문,,118502ATB,약품기본정보.pdf,2026-06-26
15,12,브로팜정1.5밀리그람(브로마제팜),한림제약(주),645300830,내복약품비급여,정신신경용제,전문,,118502ATB,약품기본정보.pdf,2026-06-26
15,13,브로팜정3밀리그람,한림제약(주),645300840,내복약품비급여,정신신경용제,전문,,118501ATB,약품기본정보.pdf,2026-06-26
15,14,비.브라운 프로포폴-리푸로1%주,비브라운코리아(주,667400810,주사약품 삭제,전신마취제,전문,,219804BIJ,약품기본정보.pdf,2026-06-26
15,15,비.브라운 프로포폴-리푸로1%주,비브라운코리아(주,667400830,주사약품 삭제,전신마취제,전문,,219801BIJ,약품기본정보.pdf,2026-06-26
15,16,비.브라운 프로포폴-리푸로1%주_(0비브라운코리아(주,,667400841,주사약품 급여,,전문,,219835BIJ,약품기본정보.pdf,2026-06-26
15,17,비.브라운 프로포폴-리푸로1%주_(0비브라운코리아(주,,667400811,주사약품 급여,전신마취제,전문,,219836BIJ,약품기본정보.pdf,2026-06-26
15,18,비.브라운 프로포폴-리푸로1%주_(,비브라운코리아(주,667400831,주사약품 삭제,전신마취제,전문,,219837BIJ,약품기본정보.pdf,2026-06-26
15,19,비.브라운프로포폴-리푸로1%주(앰플비브라운코리아(주,,667400630,주사약품 삭제,전신마취제,전문,,219803BIJ,약품기본정보.pdf,2026-06-26
15,20,비.브라운프로포폴-리푸로1%주(앰플비브라운코리아(주,,667400820,주사약품 삭제,전신마취제,전문,,219803BIJ,약품기본정보.pdf,2026-06-26
15,21,비.브라운프로포폴-리푸로1%주(앰플비브라운코리아(주,,667400821,주사약품 급여,전신마취제,전문,,219835BIJ,약품기본정보.pdf,2026-06-26
15,22,비브라운프로포폴-리푸로1%주 100,비브라운코리아(주,667400120,주사약품 삭제,전신마취제,전문,,219801BIJ,약품기본정보.pdf,2026-06-26
15,23,비브라운프로포폴-리푸로1%주 50밀비브라운코리아(주,,667400110,주사약품 삭제,전신마취제,전문,,219804BIJ,약품기본정보.pdf,2026-06-26
16,2,비엠진정(염산펜터민)_(37.5mg/1정(주)한국비엠아이,,654800890,내복약품비급여,자율신경제,전문,,552701ATB,약품기본정보.pdf,2026-06-26
16,3,비엠진정(펜터민염산염)_(37.5MG/,동국제약(주),653405730,내복약품비급여,자율신경제,전문,,552701ATB,약품기본정보.pdf,2026-06-26
16,4,비터펜정(염산펜터민),보람제약(주),656601200,내복약품비급여,자율신경제,전문,,552701ATB,약품기본정보.pdf,2026-06-26
16,5,비터펜정(펜터민염산염)_(37.5mg/,비알엔사이언스(주,698001380,내복약품비급여,자율신경제,전문,,552701ATB,약품기본정보.pdf,2026-06-26
16,6,비포랄주,경동제약,G16200011,주사약품 삭제,진통， 소,전문,,121102BIJ,약품기본정보.pdf,2026-06-26
16,7,비포랄주1mg,경동제약,G16200041,주사약품 삭제,진통， 소,전문,,121101BIJ,약품기본정보.pdf,2026-06-26
16,8,빅성정,성진제약,G15300021,내복약품비급여,정신신경용제,전문,,156202ATB,약품기본정보.pdf,2026-06-26
16,9,빅손정,현대약품공업,G13100011,내복약품 삭제,정신신경용제,전문,가능,156202ATB,약품기본정보.pdf,2026-06-26
16,10,빅손정(에칠로플라제페이트)_(2mg/현대약품(주),,642000520,내복약품 삭제,정신신경용제,전문,가능,156202ATB,약품기본정보.pdf,2026-06-26
16,11,빅손정1밀리그람(에칠로플라제페이현대약품(주),,642000510,내복약품 급여,정신신경용제,전문,가능,156201ATB,약품기본정보.pdf,2026-06-26
16,12,빅손정1mg,현대약품공업,G13100031,내복약품 삭제,정신신경용제,전문,가능,156201ATB,약품기본정보.pdf,2026-06-26
16,13,빅탄정,사노피-신데라보코,G13200011,내복약품 삭제,정신신경용제,전문,,156202ATB,약품기본정보.pdf,2026-06-26
16,14,빅탄정1mg,사노피-신데라보코,G13200021,내복약품 삭제,정신신경용제,전문,,156201ATB,약품기본정보.pdf,2026-06-26
16,15,사노렉스정(마진돌)_(1mg/1정),대원제약(주),671801870,내복약품비급여,자율신경제,전문,,551401ATB,약품기본정보.pdf,2026-06-26
16,16,산도스졸피뎀정10mg,한국산도스,M00690011,내복약품 삭제,최면진정제,전문,가능,250501ATB,약품기본정보.pdf,2026-06-26
16,17,산도스졸피뎀정10mg(주석산졸피뎀삼일제약(주),,643903920,내복약품 급여,최면진정제,전문,,250501ATB,약품기본정보.pdf,2026-06-26
16,18,산도스졸피뎀정10mg(주석산졸피뎀한국산도스(주),,668100180,내복약품 삭제,최면진정제,전문,가능,250501ATB,약품기본정보.pdf,2026-06-26
16,19,삼성디에틸프로피온정(디에틸프로피삼성제약(주),,642307150,내복약품비급여,,전문,,551601ATB,약품기본정보.pdf,2026-06-26
16,20,삼진디아제팜10mg,삼진제약,G08200031,주사약품 삭제,정신신경용제,전문,,142901BIJ,약품기본정보.pdf,2026-06-26
16,21,삼진디아제팜정2밀리그람_(2mg/1정삼진제약(주),,647800740,내복약품 급여,정신신경용제,전문,,142902ATB,약품기본정보.pdf,2026-06-26
16,22,삼진디아제팜정2mg,삼진제약,G08200011,내복약품 삭제,정신신경용제,전문,가능,142902ATB,약품기본정보.pdf,2026-06-26
16,23,삼진디아제팜정5밀리그람_(5mg/1정삼진제약(주),,647800750,내복약품 급여,정신신경용제,전문,,142903ATB,약품기본정보.pdf,2026-06-26
16,24,삼진디아제팜정5mg,삼진제약,G08200021,내복약품 삭제,정신신경용제,전문,가능,142903ATB,약품기본정보.pdf,2026-06-26
16,25,삼진디아제팜주_(10mg/2mL),삼진제약(주),647800761,주사약품 급여,정신신경용제,전문,,142930BIJ,약품기본정보.pdf,2026-06-26
16,26,삼진디아제팜주10밀리그램,삼진제약(주),647800760,주사약품 삭제,정신신경용제,전문,,142901BIJ,약품기본정보.pdf,2026-06-26
17,1,새프람정,대원제약(주),671801890,내복약품비급여,,전문,,105504ATB,약품기본정보.pdf,2026-06-26
17,2,새프람정,대원제약,G02900241,내복약품 삭제,정신신경용제,전문,가능,105504ATB,약품기본정보.pdf,2026-06-26
17,3,새프람정(알프라졸람)_(0.4mg/1정대원제약(주),,671801880,내복약품 삭제,정신신경용제,전문,가능,105504ATB,약품기본정보.pdf,2026-06-26
17,4,서구 알프라졸람정 0.5mg(구:서구넥스팜코리아,,G16700011,내복약품비급여,정신신경용제,전문,,105505ATB,약품기본정보.pdf,2026-06-26
17,5,서구알프라졸람정1mg,넥스팜코리아,G16700021,내복약품비급여,정신신경용제,전문,,105501ATB,약품기본정보.pdf,2026-06-26
17,6,서구알프라졸람정2mg,넥스팜코리아,G16700031,내복약품비급여,정신신경용제,전문,,105503ATB,약품기본정보.pdf,2026-06-26
17,7,서울디아제팜정2MG,서울제약,G12300011,내복약품 삭제,정신신경용제,전문,,A0066001,약품기본정보.pdf,2026-06-26
17,8,서울제약 주석산졸피뎀정_(10mg/1정(주)서울제약,,652900830,내복약품비급여,최면진정제,전문,,250501ATB,약품기본정보.pdf,2026-06-26
17,9,세다페인주(브롬화수소산에프타조신유니메드제약(주),,649501010,주사약품비급여,진통， 소,전문,,565801BIJ,약품기본정보.pdf,2026-06-26
17,10,세레날정,한국오가논,G14800081,내복약품 삭제,정신신경용제,전문,,A0415401,약품기본정보.pdf,2026-06-26
17,11,세레날정10밀리그람(옥사졸람),한화제약(주),651600390,내복약품비급여,정신신경용제,전문,,552501ATB,약품기본정보.pdf,2026-06-26
17,12,센틸정10밀리그람(클로바잠)_(10mg(주)한독약품,,652100520,내복약품비급여,정신신경용제,전문,,135701ATB,약품기본정보.pdf,2026-06-26
17,13,센틸정10mg,한독약품,G06200031,내복약품비급여,정신신경용제,전문,,135701ATB,약품기본정보.pdf,2026-06-26
17,14,센틸정5밀리그람(클로바잠)_(5mg/,(주)한독,652100530,내복약품 급여,정신신경용제,전문,,135702ATB,약품기본정보.pdf,2026-06-26
17,15,센틸정5mg,한독약품,G01800011,내복약품 삭제,정신신경용제,전문,가능,135702ATB,약품기본정보.pdf,2026-06-26
17,16,센틸정5mg,한독약품,G06200021,내복약품비급여,정신신경용제,전문,,135702ATB,약품기본정보.pdf,2026-06-26
17,17,소메린정,한국오가논,G14800041,내복약품 삭제,최면진정제,전문,,A0415501,약품기본정보.pdf,2026-06-26
17,18,소메린정5밀리그람(할록사졸람),한화제약(주),651600430,내복약품비급여,최면진정제,전문,,552201ATB,약품기본정보.pdf,2026-06-26
17,19,순천당알프라졸람정 0.4mg(구:순천바이넥스,,G11800031,내복약품비급여,정신신경용제,전문,,105504ATB,약품기본정보.pdf,2026-06-26
17,20,쉐러콜연질캡슐,알앤피코리아,G09000021,내복약품 삭제,진통， 소,전문,,456100ACS,약품기본정보.pdf,2026-06-26
17,21,스리반정0.5밀리그램(로라제팜)_(0명인제약(주),,651901310,내복약품 급여,정신신경용제,전문,가능,185504ATB,약품기본정보.pdf,2026-06-26
17,22,스리반정0.5mg,명인제약,G12000111,내복약품 삭제,정신신경용제,전문,가능,185504ATB,약품기본정보.pdf,2026-06-26
17,23,스리반정1밀리그램(로라제팜)_(1mg명인제약(주),,651901320,내복약품 급여,정신신경용제,전문,가능,185501ATB,약품기본정보.pdf,2026-06-26
17,24,스리반정1mg,명인제약,G12000101,내복약품 삭제,정신신경용제,전문,가능,185501ATB,약품기본정보.pdf,2026-06-26
17,25,스리반정2mg,명인제약,G01200091,내복약품 삭제,정신신경용제,전문,,185503ATB,약품기본정보.pdf,2026-06-26
17,26,스리반정2MG,명인제약,G12000091,내복약품 삭제,정신신경용제,전문,,A0122301,약품기본정보.pdf,2026-06-26
18,1,스립정10밀리그램(졸피뎀타르타르산유니메드제약(주),,649507420,내복약품 급여,최면진정제,전문,,250501ATB,약품기본정보.pdf,2026-06-26
18,2,스립정5밀리그램(졸피뎀타르타르산유니메드제약(주),,649507410,내복약품 급여,최면진정제,전문,,250502ATB,약품기본정보.pdf,2026-06-26
18,3,스토팜정10밀리그람(클로티아제팜유니메드제약(주),,649501200,내복약품비급여,정신신경용제,전문,,137301ATB,약품기본정보.pdf,2026-06-26
18,4,스토팜정5밀리그람(클로티아제팜),유니메드제약(주),649501210,내복약품비급여,정신신경용제,전문,,137302ATB,약품기본정보.pdf,2026-06-26
18,5,스토팜정5mg,참제약,G15500051,내복약품 삭제,정신신경용제,전문,,137302ATB,약품기본정보.pdf,2026-06-26
18,6,스틸녹스정10밀리그램(졸피뎀타르(주)한독,,652100640,내복약품 급여,최면진정제,전문,,250501ATB,약품기본정보.pdf,2026-06-26
18,7,스틸녹스정10mg,한독약품,C01800051,내복약품 삭제,최면진정제,전문,가능,250501ATB,약품기본정보.pdf,2026-06-26
18,8,스틸녹스정10mg,사노피-아벤티스코,G04000031,내복약품 삭제,최면진정제,전문,,250501ATB,약품기본정보.pdf,2026-06-26
18,9,스틸녹스CR정12.5밀리그램(졸피뎀(주)한독,,652100650,내복약품 급여,최면진정제,전문,,250504ATR,약품기본정보.pdf,2026-06-26
18,10,스틸녹스CR정12.5mg,한독약품,C01800071,내복약품 삭제,최면진정제,전문,가능,250703ATR,약품기본정보.pdf,2026-06-26
18,11,스틸녹스CR정12.5mg,사노피-아벤티스코,C04000051,내복약품 삭제,최면진정제,전문,,250703ATR,약품기본정보.pdf,2026-06-26
18,12,스틸녹스CR정6.25밀리그램(졸피뎀(주)한독,,652100660,내복약품 급여,최면진정제,전문,,250503ATR,약품기본정보.pdf,2026-06-26
18,13,스틸녹스CR정6.25mg,한독약품,C01800061,내복약품 삭제,최면진정제,전문,가능,250702ATR,약품기본정보.pdf,2026-06-26
18,14,스틸녹스CR정6.25mg,사노피-아벤티스코,C04000041,내복약품 삭제,최면진정제,전문,,250702ATR,약품기본정보.pdf,2026-06-26
18,15,스틸렉스정10밀리그램(졸피뎀타르명문제약(주),,649806810,내복약품 급여,최면진정제,전문,가능,250501ATB,약품기본정보.pdf,2026-06-26
18,16,스파콜정,제이알팜,G09100011,내복약품 삭제,진통， 소,전문,,433100ATB,약품기본정보.pdf,2026-06-26
18,17,슬레민정(펜터민염산염)_(37.5mg/,(주)메디카코리아,646001540,내복약품비급여,자율신경제,전문,,552701ATB,약품기본정보.pdf,2026-06-26
18,18,슬리피온정(디에틸프로피온염산염한국휴텍스제약(주,,649104390,내복약품비급여,,전문,,551601ATB,약품기본정보.pdf,2026-06-26
18,19,시코탈캅셀,명인제약,G12000291,내복약품 삭제,골격근이완제,전문,,402601ACH,약품기본정보.pdf,2026-06-26
18,20,시코탈캅셀(세코바르비탈나트륨),명인제약(주),651901400,내복약품비급여,최면진정제,전문,,402601ACH,약품기본정보.pdf,2026-06-26
18,21,신일 디아제팜정 2mg(구:신일디아제신일제약,,G13500031,내복약품비급여,정신신경용제,전문,,142902ATB,약품기본정보.pdf,2026-06-26
18,22,신일 디아제팜정 5mg(구:신일디아제신일제약,,G13500041,내복약품비급여,정신신경용제,전문,,142903ATB,약품기본정보.pdf,2026-06-26
18,23,신일 디아제팜주사액(구:신일디아제신일제약,,G13500021,주사약품 삭제,정신신경용제,전문,,142901BIJ,약품기본정보.pdf,2026-06-26
18,24,신일브롬화수소산덱스트로메토르판신일제약,,G04100071,내복약품 삭제,진해거담제,전문,,142601ATB,약품기본정보.pdf,2026-06-26
18,25,신콜프정,구주제약(주),669801750,내복약품비급여,진통， 소,전문,,433000ATB,약품기본정보.pdf,2026-06-26
18,26,신콜프정,구주제약,G06100161,내복약품 삭제,진통， 소,전문,,433000ATB,약품기본정보.pdf,2026-06-26
19,1,신풍디아제팜정,신풍제약,G00210011,내복약품비급여,정신신경용제,전문,,142903ATB,약품기본정보.pdf,2026-06-26
19,2,신풍디아제팜주,신풍제약,G00210021,주사약품 삭제,정신신경용제,전문,,142901BIJ,약품기본정보.pdf,2026-06-26
19,3,씬스펜정(펜터민염산염)_(37.5mg/,조아제약(주),644600690,내복약품비급여,자율신경제,전문,,552701ATB,약품기본정보.pdf,2026-06-26
19,4,아나렉신정,청계제약,G09300011,내복약품 삭제,골격근이완제,전문,,256900ATB,약품기본정보.pdf,2026-06-26
19,5,아네폴주사(프로포폴),하나제약(주),657804560,주사약품 삭제,전신마취제,전문,,219807BIJ,약품기본정보.pdf,2026-06-26
19,6,아네폴주사(프로포폴),하나제약(주),657804570,주사약품 삭제,전신마취제,전문,,219808BIJ,약품기본정보.pdf,2026-06-26
19,7,아네폴주사(프로포폴),하나제약(주),657804580,주사약품비급여,전신마취제,전문,,219805BIJ,약품기본정보.pdf,2026-06-26
19,8,아네폴주사(프로포폴),하나제약(주),657804590,주사약품 삭제,전신마취제,전문,,219802BIJ,약품기본정보.pdf,2026-06-26
19,9,아네폴주사(프로포폴),하나제약(주),657804600,주사약품비급여,전신마취제,전문,,219806BIJ,약품기본정보.pdf,2026-06-26
19,10,아네폴주사(프로포폴),하나제약(주),657804610,주사약품 삭제,전신마취제,전문,,219803BIJ,약품기본정보.pdf,2026-06-26
19,11,아네폴주사(프로포폴),하나제약(주),657804620,주사약품비급여,전신마취제,전문,,219804BIJ,약품기본정보.pdf,2026-06-26
19,12,아네폴주사(프로포폴)(수출명:하나하나제약(주),,657801230,주사약품 삭제,전신마취제,전문,,219803BIJ,약품기본정보.pdf,2026-06-26
19,13,아네폴주사(프로포폴)_(0.12g/12mL하나제약(주),,657804591,주사약품 급여,전신마취제,전문,,219833BIJ,약품기본정보.pdf,2026-06-26
19,14,아네폴주사(프로포폴)_(0.18g/18mL하나제약(주),,657805751,주사약품비급여,,전문,,219839BIJ,약품기본정보.pdf,2026-06-26
19,15,아네폴주사(프로포폴)_(0.2g/20mL,하나제약(주),657804611,주사약품 급여,전신마취제,전문,,219835BIJ,약품기본정보.pdf,2026-06-26
19,16,아네폴주사(프로포폴)_(50mg/5mL),하나제약(주),657804561,주사약품 급여,전신마취제,전문,,219830BIJ,약품기본정보.pdf,2026-06-26
19,17,아네폴주사(프로포폴)_(80mg/8mL),하나제약(주),657804571,주사약품 급여,전신마취제,전문,,219831BIJ,약품기본정보.pdf,2026-06-26
19,18,아네폴주사12밀리리터(프로포폴)(수하나제약(주),,657801220,주사약품 삭제,전신마취제,전문,,219802BIJ,약품기본정보.pdf,2026-06-26
19,19,아드펜정(펜디메트라진타르타르산(주)한국파마,,653001360,내복약품비급여,자율신경제,전문,,552601ATB,약품기본정보.pdf,2026-06-26
19,20,아디펙스정(펜터민염산염)_(37.5mg광동제약(주),,641802050,내복약품비급여,자율신경제,전문,,552701ATB,약품기본정보.pdf,2026-06-26
19,21,아디펙스정18.75mg(펜터민염산염)_광동제약(주),,641805180,내복약품비급여,자율신경제,전문,,552703ATB,약품기본정보.pdf,2026-06-26
19,22,아디펙스캡슐(염산펜터민)_(37.5mg광동제약(주),,641802060,내복약품비급여,자율신경제,전문,,552701ACH,약품기본정보.pdf,2026-06-26
19,23,아미탈소디움주,한국릴리,T00710011,주사약품 삭제,정신신경용제,전문,,108901BIJ,약품기본정보.pdf,2026-06-26
19,24,아브란정(메실산로프라졸람),(주)한독약품,652100850,내복약품비급여,최면진정제,전문,,551101ATB,약품기본정보.pdf,2026-06-26
19,25,아스콜마엘정,(주)한국파마,653001420,내복약품비급여,진통， 소,전문,,254000ATB,약품기본정보.pdf,2026-06-26
19,26,아스콜마정,(주)한국파마,653001430,내복약품비급여,진통， 소,전문,,433100ATB,약품기본정보.pdf,2026-06-26
20,1,아졸락정0.25밀리그람(알프라졸람유니메드제약(주),,649501400,내복약품 급여,정신신경용제,전문,가능,105502ATB,약품기본정보.pdf,2026-06-26
20,2,아졸락정0.25mg,유니메드제약,G15500011,내복약품 삭제,정신신경용제,전문,가능,105502ATB,약품기본정보.pdf,2026-06-26
20,3,아졸락정0.4밀리그람(알프라졸람)_유니메드제약(주),,649501410,내복약품 삭제,정신신경용제,전문,가능,105504ATB,약품기본정보.pdf,2026-06-26
20,4,아졸락정0.4mg,유니메드제약,G15500021,내복약품 삭제,정신신경용제,전문,가능,105504ATB,약품기본정보.pdf,2026-06-26
20,5,아졸락정0.5밀리그람(알프라졸람)_유니메드제약(주),,649501420,내복약품 급여,정신신경용제,전문,가능,105505ATB,약품기본정보.pdf,2026-06-26
20,6,아졸락정0.5mg,유니메드제약,G15500031,내복약품 삭제,정신신경용제,전문,가능,105505ATB,약품기본정보.pdf,2026-06-26
20,7,아졸락정0.8밀리그람(알프라졸람),유니메드제약(주),649501430,내복약품비급여,정신신경용제,전문,,105506ATB,약품기본정보.pdf,2026-06-26
20,8,아졸락정0.8mg,참제약,G15500041,내복약품 삭제,정신신경용제,전문,,105506ATB,약품기본정보.pdf,2026-06-26
20,9,아졸람정0.25MG,한영제약,G15400011,내복약품 삭제,정신신경용제,전문,,A0007701,약품기본정보.pdf,2026-06-26
20,10,아졸람정0.5MG,한영제약,G15400021,내복약품 삭제,정신신경용제,전문,,A0007901,약품기본정보.pdf,2026-06-26
20,11,아쿠아폴주 20밀리리터(프로포폴),대원제약(주),671802080,주사약품 삭제,전신마취제,전문,,219803BIJ,약품기본정보.pdf,2026-06-26
20,12,아쿠아폴주 50밀리리터(프로포폴),대원제약(주),671802090,주사약품 삭제,전신마취제,전문,,219804BIJ,약품기본정보.pdf,2026-06-26
20,13,아쿠아폴주12밀리리터(프로포폴),대원제약(주),671802070,주사약품 삭제,전신마취제,전문,,219802BIJ,약품기본정보.pdf,2026-06-26
20,14,아트라진정(펜디메트라진타르타르산광동제약(주),,641802190,내복약품비급여,자율신경제,전문,,552601ATB,약품기본정보.pdf,2026-06-26
20,15,아트민정(펜터민염산염)_(37.5mg/,(주)마더스제약,622802050,내복약품비급여,,전문,,552701ATB,약품기본정보.pdf,2026-06-26
20,16,아티반정0.5밀리그람(로라제팜)_(0일동제약(주),,642901150,내복약품 급여,정신신경용제,전문,가능,185504ATB,약품기본정보.pdf,2026-06-26
20,17,아티반정0.5mg,일동제약,G05900021,내복약품 삭제,정신신경용제,전문,가능,185504ATB,약품기본정보.pdf,2026-06-26
20,18,아티반정1밀리그람(로라제팜)_(1mg일동제약(주),,642901160,내복약품 급여,정신신경용제,전문,가능,185501ATB,약품기본정보.pdf,2026-06-26
20,19,아티반정1mg,일동제약,G05900031,내복약품 삭제,정신신경용제,전문,가능,185501ATB,약품기본정보.pdf,2026-06-26
20,20,아티반정2밀리그람(로라제팜),일동제약(주),642901170,내복약품비급여,정신신경용제,전문,,185503ATB,약품기본정보.pdf,2026-06-26
20,21,아티반정2mg,일동제약,G05900041,내복약품 삭제,정신신경용제,전문,,185503ATB,약품기본정보.pdf,2026-06-26
20,22,아티반주,일동제약,G05900051,주사약품 삭제,정신신경용제,전문,,185502BIJ,약품기본정보.pdf,2026-06-26
20,23,아티반주사,일동제약,G01500041,주사약품 삭제,정신신경용제,전문,,185505BIJ,약품기본정보.pdf,2026-06-26
20,24,아티반주사(로라제팜),일동제약(주),642901180,주사약품 삭제,정신신경용제,전문,,185505BIJ,약품기본정보.pdf,2026-06-26
20,25,아티반주사(로라제팜),일동제약(주),642901190,주사약품 삭제,정신신경용제,전문,,185502BIJ,약품기본정보.pdf,2026-06-26
20,26,아티반주사(로라제팜)_(2mg/0.5mL,일동제약(주),642901181,주사약품 급여,정신신경용제,전문,,185530BIJ,약품기본정보.pdf,2026-06-26
21,1,아티반주사(로라제팜)_(4mg/1mL),일동제약(주),642901191,주사약품 급여,정신신경용제,전문,,185531BIJ,약품기본정보.pdf,2026-06-26
21,2,아핀주사10mg,휴온스,G07000061,주사약품 삭제,진통， 소,전문,,198901BIJ,약품기본정보.pdf,2026-06-26
21,3,아핀주사20mg,휴온스,G07000071,주사약품 삭제,진통， 소,전문,,198902BIJ,약품기본정보.pdf,2026-06-26
21,4,안국염산펜터민정,안국약품(주),650203160,내복약품비급여,자율신경제,전문,,552701ATB,약품기본정보.pdf,2026-06-26
21,5,안티포주사액10밀리그람(염산날부핀코오롱제약(주),,670300870,주사약품비급여,진통， 소,전문,,198901BIJ,약품기본정보.pdf,2026-06-26
21,6,안티포주사액10mg,코오롱제약,G06600031,주사약품 삭제,진통， 소,전문,,198901BIJ,약품기본정보.pdf,2026-06-26
21,7,안티포주사액20mg,코오롱제약,G06600041,주사약품 삭제,진통， 소,전문,,198902BIJ,약품기본정보.pdf,2026-06-26
21,8,안파몬정(염산디에칠프로피온),보람제약(주),656601660,내복약품비급여,자율신경제,전문,,551601ATB,약품기본정보.pdf,2026-06-26
21,9,안파몬정(염산디에칠프로피온),비알엔사이언스(주,698001400,내복약품비급여,자율신경제,전문,,551601ATB,약품기본정보.pdf,2026-06-26
21,10,알라졸정0.25mg,한성제약,G14000011,내복약품비급여,정신신경용제,전문,,105502ATB,약품기본정보.pdf,2026-06-26
21,11,알라졸정0.5MG,한성제약,G14000021,내복약품 삭제,정신신경용제,전문,,A0007901,약품기본정보.pdf,2026-06-26
21,12,알렉산정,하나제약,G00500081,내복약품비급여,정신신경용제,전문,,105505ATB,약품기본정보.pdf,2026-06-26
21,13,알렉산정 0.25mg(구:알렉산정0.25m하나제약,,G00500071,내복약품비급여,정신신경용제,전문,,105502ATB,약품기본정보.pdf,2026-06-26
21,14,알렉산정1mg,하나제약,G00500091,내복약품비급여,정신신경용제,전문,,105501ATB,약품기본정보.pdf,2026-06-26
21,15,알작스정,동화약품공업,G00700101,내복약품 삭제,정신신경용제,전문,가능,105505ATB,약품기본정보.pdf,2026-06-26
21,16,알작스정0.25밀리그람(알프라졸람동화약품(주),,642702340,내복약품 삭제,정신신경용제,전문,가능,105502ATB,약품기본정보.pdf,2026-06-26
21,17,알작스정0.25mg,동화약품공업,G00700061,내복약품 삭제,정신신경용제,전문,가능,105502ATB,약품기본정보.pdf,2026-06-26
21,18,알작스정0.5밀리그램(알프라졸람)_동화약품(주),,642702330,내복약품 삭제,정신신경용제,전문,가능,105505ATB,약품기본정보.pdf,2026-06-26
21,20,알프라낙스정0.25밀리그람_(알프라(주)한국파마,,653001570,내복약품 급여,정신신경용제,전문,가능,105502ATB,약품기본정보.pdf,2026-06-26
21,21,알프라낙스정0.25mg,한국파마,G03600201,내복약품 삭제,정신신경용제,전문,가능,105502ATB,약품기본정보.pdf,2026-06-26
21,22,알프라낙스정0.25mg,한국메디텍제약,G14201031,내복약품 삭제,정신신경용제,전문,,105502ATB,약품기본정보.pdf,2026-06-26
21,23,알프라낙스정0.5밀리그람_(알프라졸(주)한국파마,,653001580,내복약품 급여,정신신경용제,전문,가능,105505ATB,약품기본정보.pdf,2026-06-26
21,24,알프라낙스정0.5mg,한국파마,G03600211,내복약품 삭제,정신신경용제,전문,가능,105505ATB,약품기본정보.pdf,2026-06-26
21,25,알프라낙스정0.5mg,한국메디텍제약,G14200021,내복약품 삭제,정신신경용제,전문,,105505ATB,약품기본정보.pdf,2026-06-26
21,26,알프라원정0.25밀리그램(알프라졸하나제약(주),,657807870,내복약품 급여,정신신경용제,전문,,105502ATB,약품기본정보.pdf,2026-06-26
22,1,알프라원정0.5밀리그램(알프라졸람하나제약(주),,657807880,내복약품 급여,정신신경용제,전문,,105505ATB,약품기본정보.pdf,2026-06-26
22,2,알프람정0.125밀리그램(알프라졸람환인제약(주),,657203960,내복약품 급여,정신신경용제,전문,,105507ATB,약품기본정보.pdf,2026-06-26
22,3,알프람정0.25밀리그램(알프라졸람환인제약(주),,657200470,내복약품 급여,정신신경용제,전문,,105502ATB,약품기본정보.pdf,2026-06-26
22,4,알프람정0.25밀리그램(알프라졸람환인제약(주),,657202590,내복약품비급여,정신신경용제,전문,,105502ATB,약품기본정보.pdf,2026-06-26
22,5,알프람정0.25mg,환인제약,G01000301,내복약품 삭제,정신신경용제,전문,가능,105502ATB,약품기본정보.pdf,2026-06-26
22,6,알프람정0.4밀리그램(알프라졸람),환인제약(주),657202600,내복약품비급여,정신신경용제,전문,,105504ATB,약품기본정보.pdf,2026-06-26
22,7,알프람정0.4밀리그램(알프라졸람)_환인제약(주),,657200480,내복약품 급여,정신신경용제,전문,가능,105504ATB,약품기본정보.pdf,2026-06-26
22,8,알프람정0.4mg,환인제약,G01000351,내복약품 삭제,정신신경용제,전문,가능,105504ATB,약품기본정보.pdf,2026-06-26
22,9,알프람정0.5밀리그램(알프라졸람),환인제약(주),657202610,내복약품비급여,정신신경용제,전문,,105505ATB,약품기본정보.pdf,2026-06-26
22,10,알프람정0.5밀리그램(알프라졸람)_환인제약(주),,657200490,내복약품 급여,정신신경용제,전문,,105505ATB,약품기본정보.pdf,2026-06-26
22,11,알프람정0.5mg,환인제약,G01000291,내복약품 삭제,정신신경용제,전문,가능,105505ATB,약품기본정보.pdf,2026-06-26
22,12,암페몬정(디에틸프로피온염산염)_,조아제약(주),644600740,내복약품비급여,자율신경제,전문,,551601ATB,약품기본정보.pdf,2026-06-26
22,13,얀센콘서타OROS서방정18밀리그람(,(주)한국얀센,646900520,내복약품비급여,성제， 흥분,전문,,193203ATR,약품기본정보.pdf,2026-06-26
22,14,얀센콘서타OROS서방정36밀리그람(,(주)한국얀센,646900530,내복약품비급여,성제， 흥분,전문,,193204ATR,약품기본정보.pdf,2026-06-26
22,15,에닝정(디에틸프로피온염산염)_(25태극제약(주),,644801400,내복약품비급여,자율신경제,전문,,551601ATB,약품기본정보.pdf,2026-06-26
22,16,에리스판정,유한양행,G00200041,내복약품 삭제,정신신경용제,전문,,160001ATB,약품기본정보.pdf,2026-06-26
22,17,에스피온정(염산디에칠프로피온),(주)서울제약,652901310,내복약품비급여,자율신경제,전문,,551601ATB,약품기본정보.pdf,2026-06-26
22,18,에실간정 1mg(에스타졸람),씨제이제일제당(주,640002920,내복약품비급여,최면진정제,전문,,154501ATB,약품기본정보.pdf,2026-06-26
22,19,에실간정 2mg(에스타졸람),씨제이제일제당(주,640002930,내복약품비급여,최면진정제,전문,,154502ATB,약품기본정보.pdf,2026-06-26
22,20,에실간정1mg,씨제이,C11100011,내복약품 삭제,최면진정제,전문,,154501ATB,약품기본정보.pdf,2026-06-26
22,21,에실간정1mg,한일약품공업,G05800031,내복약품 삭제,최면진정제,전문,,154501ATB,약품기본정보.pdf,2026-06-26
22,22,에실간정1mg(에스타졸람),씨제이제일제당(주,640004420,내복약품비급여,최면진정제,전문,,154501ATB,약품기본정보.pdf,2026-06-26
22,23,에실간정2mg,씨제이,C11100021,내복약품 삭제,최면진정제,전문,,154502ATB,약품기본정보.pdf,2026-06-26
22,24,에실간정2mg,한일약품공업,G05800041,내복약품 삭제,최면진정제,전문,,154502ATB,약품기본정보.pdf,2026-06-26
22,25,에실간정2mg(에스타졸람),씨제이제일제당(주,640004430,내복약품비급여,최면진정제,전문,,154502ATB,약품기본정보.pdf,2026-06-26
22,26,에조스타정1밀리그램(에스조피클론하나제약(주),,657807770,내복약품 삭제,최면진정제,전문,,680401ATB,약품기본정보.pdf,2026-06-26
23,1,에조스타정2밀리그램(에스조피클론하나제약(주),,657807790,내복약품 삭제,최면진정제,전문,,680402ATB,약품기본정보.pdf,2026-06-26
23,2,에조스타정3밀리그램(에스조피클론하나제약(주),,657807780,내복약품 삭제,최면진정제,전문,,680403ATB,약품기본정보.pdf,2026-06-26
23,3,에프타신주,근화제약,G15700011,주사약품 삭제,진통， 소,전문,,153001BIJ,약품기본정보.pdf,2026-06-26
23,4,에피온정(염산디에칠프로피온),광동제약(주),641802350,내복약품비급여,자율신경제,전문,,551601ATB,약품기본정보.pdf,2026-06-26
23,5,엔슬림정(펜디메트라진타르타르산조아제약(주),,644600840,내복약품비급여,자율신경제,전문,,552601ATB,약품기본정보.pdf,2026-06-26
23,6,엔토발주100밀리그람(펜토바르비탈한림제약(주),,645301220,주사약품 삭제,최면진정제,전문,,210601BIJ,약품기본정보.pdf,2026-06-26
23,7,엔토발주100밀리그람(펜토바르비탈한림제약(주),,645301221,주사약품 급여,최면진정제,전문,,210630BIJ,약품기본정보.pdf,2026-06-26
23,8,엔토발주100mg,한림제약,G12700021,주사약품 삭제,최면진정제,전문,,210601BIJ,약품기본정보.pdf,2026-06-26
23,9,엘로스정(염산펜터민),(주)비씨월드제약,653101260,내복약품비급여,자율신경제,전문,,552701ATB,약품기본정보.pdf,2026-06-26
23,10,엘피온정25밀리그램(디에틸프로피온(주)한국파마,,653006570,내복약품비급여,,전문,,551601ATB,약품기본정보.pdf,2026-06-26
23,11,엠피온정(디에틸프로피온염산염)_,(주)마더스제약,622802310,내복약품비급여,,전문,,551601ATB,약품기본정보.pdf,2026-06-26
23,12,영진조피클론정1밀리그램(에스조피영진약품(주),,642404880,내복약품 삭제,최면진정제,전문,,680401ATB,약품기본정보.pdf,2026-06-26
23,13,영진조피클론정2밀리그램(에스조피영진약품(주),,642404890,내복약품 급여,최면진정제,전문,,680402ATB,약품기본정보.pdf,2026-06-26
23,14,영진조피클론정3밀리그램(에스조피영진약품(주),,642404900,내복약품 급여,최면진정제,전문,,680403ATB,약품기본정보.pdf,2026-06-26
23,15,올판토정,삼성제약공업(주),642303110,내복약품비급여,진통， 소,전문,,433100ATB,약품기본정보.pdf,2026-06-26
23,16,옵타리돈피,동화약품(주),642702640,내복약품비급여,진통， 소,전문,,554100ATB,약품기본정보.pdf,2026-06-26
23,17,울란정15밀리그램(쿠아제팜)_(15mg명인제약(주),,651900190,내복약품비급여,최면진정제,전문,,553001ATB,약품기본정보.pdf,2026-06-26
23,18,울란정20밀리그램(쿠아제팜)_(20mg명인제약(주),,651900200,내복약품비급여,최면진정제,전문,,553002ATB,약품기본정보.pdf,2026-06-26
23,19,웰트민정(펜터민염산염)_(37.5mg/,(주)서울제약,652901440,내복약품비급여,자율신경제,전문,,552701ATB,약품기본정보.pdf,2026-06-26
23,20,웰피온정(디에틸프로피온염산염)_,(주)휴온스,670601800,내복약품비급여,자율신경제,전문,,551601ATB,약품기본정보.pdf,2026-06-26
23,26,유닐캡슐2.5밀리그램(피나제팜)_(2(주)한국파마,,653005030,내복약품비급여,정신신경용제,전문,,212601ACH,약품기본정보.pdf,2026-06-26
24,1,유닐캡슐5밀리그램(피나제팜)_(5mg(주)한국파마,,653005020,내복약품비급여,정신신경용제,전문,,212602ACH,약품기본정보.pdf,2026-06-26
24,2,이모반정,한독약품,G01700051,내복약품 삭제,최면진정제,전문,,250701ATB,약품기본정보.pdf,2026-06-26
24,3,이모반정,한국롱프랑로라,G12100011,내복약품 삭제,최면진정제,전문,,250701ATB,약품기본정보.pdf,2026-06-26
24,4,이모반정(조피클론),(주)한독약품,652101170,내복약품비급여,최면진정제,전문,,250701ATB,약품기본정보.pdf,2026-06-26
24,5,일양바네틸정,일양약품,G09504141,내복약품 삭제,정신신경용제,전문,,A0428601,약품기본정보.pdf,2026-06-26
24,6,자나팜정0.125밀리그램(알프라졸람명인제약(주),,651904650,내복약품 급여,정신신경용제,전문,,105507ATB,약품기본정보.pdf,2026-06-26
24,7,자나팜정0.25밀리그람(알프라졸람명인제약(주),,651901730,내복약품 급여,정신신경용제,전문,가능,105502ATB,약품기본정보.pdf,2026-06-26
24,8,자나팜정0.25mg,명인제약,G12000151,내복약품 삭제,정신신경용제,전문,가능,105502ATB,약품기본정보.pdf,2026-06-26
24,9,자나팜정0.4밀리그람(알프라졸람)_명인제약(주),,651901740,내복약품 급여,정신신경용제,전문,가능,105504ATB,약품기본정보.pdf,2026-06-26
24,10,자나팜정0.4mg,명인제약,G12000261,내복약품 삭제,정신신경용제,전문,가능,105504ATB,약품기본정보.pdf,2026-06-26
24,11,자나팜정0.5밀리그람(알프라졸람)_명인제약(주),,651901750,내복약품 급여,정신신경용제,전문,가능,105505ATB,약품기본정보.pdf,2026-06-26
24,12,자나팜정0.5mg,명인제약,G12000161,내복약품 삭제,정신신경용제,전문,가능,105505ATB,약품기본정보.pdf,2026-06-26
24,13,자나팜정1밀리그람(알프라졸람)_(,명인제약(주),651901760,내복약품 급여,정신신경용제,전문,,105501ATB,약품기본정보.pdf,2026-06-26
24,14,자나팜정1mg,명인제약,G12000171,내복약품 삭제,정신신경용제,전문,가능,105501ATB,약품기본정보.pdf,2026-06-26
24,15,자낙스정0.25밀리그램(알프라졸람비아트리스코리아(,,073400470,내복약품 급여,정신신경용제,전문,,105502ATB,약품기본정보.pdf,2026-06-26
24,16,자낙스정0.25밀리그램(알프라졸람한국화이자제약(주,,648900660,내복약품 삭제,정신신경용제,전문,가능,105502ATB,약품기본정보.pdf,2026-06-26
24,17,자낙스정0.25mg,파마시아코리아,G11600011,내복약품 삭제,정신신경용제,전문,,105502ATB,약품기본정보.pdf,2026-06-26
24,18,자낙스정0.25mg,한국화이자,M00610031,내복약품 삭제,정신신경용제,전문,가능,105502ATB,약품기본정보.pdf,2026-06-26
24,19,자낙스정0.25mg,파마시아코리아,T00130031,내복약품 삭제,정신신경용제,전문,,105502ATB,약품기본정보.pdf,2026-06-26
24,20,자낙스정0.4mg,파마시아코리아,G11600071,내복약품 삭제,정신신경용제,전문,,105504ATB,약품기본정보.pdf,2026-06-26
24,21,자낙스정0.4mg,파마시아코리아,T00130051,내복약품 삭제,정신신경용제,전문,,105504ATB,약품기본정보.pdf,2026-06-26
24,22,자낙스정0.5밀리그램(알프라졸람)_비아트리스코리아(,,073400460,내복약품 급여,정신신경용제,전문,,105505ATB,약품기본정보.pdf,2026-06-26
24,23,자낙스정0.5밀리그램(알프라졸람)_한국화이자제약(주,,648901260,내복약품 삭제,정신신경용제,전문,가능,105505ATB,약품기본정보.pdf,2026-06-26
24,24,자낙스정0.5mg,파마시아코리아,G11600021,내복약품 삭제,정신신경용제,전문,,105505ATB,약품기본정보.pdf,2026-06-26
24,25,자낙스정0.5mg,한국화이자,M00610041,내복약품 삭제,정신신경용제,전문,가능,105505ATB,약품기본정보.pdf,2026-06-26
24,26,자낙스정0.5mg,파마시아코리아,T00130041,내복약품 삭제,정신신경용제,전문,,105505ATB,약품기본정보.pdf,2026-06-26
25,1,자낙스정0.8MG,파마시아코리아,G11600081,내복약품 삭제,정신신경용제,전문,,A0008001,약품기본정보.pdf,2026-06-26
25,2,자낙스정1mg,파마시아코리아,G11600031,내복약품 삭제,정신신경용제,전문,,105501ATB,약품기본정보.pdf,2026-06-26
25,3,자낙스정2MG,파마시아코리아,G11600091,내복약품 삭제,정신신경용제,전문,,A0007601,약품기본정보.pdf,2026-06-26
25,4,자낙스XR정0.5mg(알프라졸람)_(0.5한국화이자제약(주,,648900670,내복약품 삭제,정신신경용제,전문,가능,105505ATR,약품기본정보.pdf,2026-06-26
25,5,자낙스XR정1mg(알프라졸람)_(1mg/,한국화이자제약(주,648900680,내복약품비급여,정신신경용제,전문,,105501ATR,약품기본정보.pdf,2026-06-26
25,6,자낙스XR정2mg(알프라졸람)_(2mg/,한국화이자제약(주,648900690,내복약품비급여,정신신경용제,전문,,105503ATR,약품기본정보.pdf,2026-06-26
25,7,자노르정0.25mg,동광제약,G02000021,내복약품비급여,정신신경용제,전문,,105502ATB,약품기본정보.pdf,2026-06-26
25,8,자노르정0.25MG,동광제약,G07100101,내복약품 삭제,정신신경용제,전문,,A0007701,약품기본정보.pdf,2026-06-26
25,9,자노르정0.4mg,동광제약,G02000031,내복약품비급여,정신신경용제,전문,,105504ATB,약품기본정보.pdf,2026-06-26
25,10,자노르정0.4MG,동광제약,G07100121,내복약품 삭제,정신신경용제,전문,,A0007801,약품기본정보.pdf,2026-06-26
25,11,자노르정0.5mg,동광제약,G02000041,내복약품비급여,정신신경용제,전문,,105505ATB,약품기본정보.pdf,2026-06-26
25,12,자노르정0.5MG,동광제약,G07100111,내복약품 삭제,정신신경용제,전문,,A0007901,약품기본정보.pdf,2026-06-26
25,14,자니로정10밀리그램(졸피뎀타르타르초당약품공업(주),,670700810,내복약품 삭제,최면진정제,전문,가능,250501ATB,약품기본정보.pdf,2026-06-26
25,15,자니로정10mg,초당약품공업,C02700061,내복약품 삭제,최면진정제,전문,가능,250501ATB,약품기본정보.pdf,2026-06-26
25,16,자세틴정0.25밀리그람(알프라졸람(주)메디카코리아,,646002030,내복약품비급여,정신신경용제,전문,,105502ATB,약품기본정보.pdf,2026-06-26
25,17,자세틴정0.25밀리그램(알프라졸람(주)메디카코리아,,646002040,내복약품 급여,정신신경용제,전문,가능,105502ATB,약품기본정보.pdf,2026-06-26
25,18,자세틴정0.25mg,메디카코리아,G14500021,내복약품 삭제,정신신경용제,전문,가능,105502ATB,약품기본정보.pdf,2026-06-26
25,19,자세틴정0.5밀리그람(알프라졸람),(주)메디카코리아,646003070,내복약품비급여,정신신경용제,전문,,105505ATB,약품기본정보.pdf,2026-06-26
25,20,자세틴정0.5mg,메디카코리아,G14500031,내복약품 삭제,정신신경용제,전문,,105505ATB,약품기본정보.pdf,2026-06-26
25,21,자세틴정1mg,메디카코리아,G04700041,내복약품비급여,정신신경용제,전문,,105501ATB,약품기본정보.pdf,2026-06-26
25,22,자이렌정,광동제약,G14400011,내복약품 삭제,정신신경용제,전문,가능,105505ATB,약품기본정보.pdf,2026-06-26
25,23,자이렌정0.25밀리그램(알프라졸람광동제약(주),,641802680,내복약품 급여,정신신경용제,전문,가능,105502ATB,약품기본정보.pdf,2026-06-26
25,24,자이렌정0.25mg,광동제약,G14400021,내복약품 삭제,정신신경용제,전문,가능,105502ATB,약품기본정보.pdf,2026-06-26
25,25,자이렌정0.5밀리그램(알프라졸람)_광동제약(주),,641802670,내복약품 급여,정신신경용제,전문,가능,105505ATB,약품기본정보.pdf,2026-06-26
25,26,자프람정0.25mg,한올제약,G07900061,내복약품비급여,정신신경용제,전문,,105502ATB,약품기본정보.pdf,2026-06-26
26,1,자프람정0.5MG,한올제약,G07900071,내복약품 삭제,정신신경용제,전문,,A0007901,약품기본정보.pdf,2026-06-26
26,2,잘레딥캡슐10밀리그램(잘레플론)_,부광약품(주),642204630,내복약품 급여,최면진정제,전문,,717402ACH,약품기본정보.pdf,2026-06-26
26,3,잘레딥캡슐5밀리그램(잘레플론)_(5부광약품(주),,642204620,내복약품 급여,최면진정제,전문,,717401ACH,약품기본정보.pdf,2026-06-26
26,4,제일누바인주사100밀리그람(염산날제일약품(주),,645401010,주사약품비급여,진통， 소,전문,,198903BIJ,약품기본정보.pdf,2026-06-26
26,5,제일누바인주사100mg,제일약품,G07500031,주사약품 삭제,진통， 소,전문,,198903BIJ,약품기본정보.pdf,2026-06-26
26,6,제일누바인주사10밀리그람(염산날부제일약품(주),,645401020,주사약품비급여,진통， 소,전문,,198901BIJ,약품기본정보.pdf,2026-06-26
26,7,제일누바인주사10mg,제일약품,G07500011,주사약품 삭제,진통， 소,전문,,198901BIJ,약품기본정보.pdf,2026-06-26
26,8,제일누바인주사200밀리그람(염산날제일약품(주),,645401030,주사약품비급여,진통， 소,전문,,198904BIJ,약품기본정보.pdf,2026-06-26
26,9,제일누바인주사200mg,제일약품,G07500041,주사약품 삭제,진통， 소,전문,,198904BIJ,약품기본정보.pdf,2026-06-26
26,10,제일누바인주사20밀리그람(염산날부제일약품(주),,645401040,주사약품비급여,진통， 소,전문,,198902BIJ,약품기본정보.pdf,2026-06-26
26,11,제일누바인주사20mg,제일약품,G07500021,주사약품 삭제,진통， 소,전문,,198902BIJ,약품기본정보.pdf,2026-06-26
26,12,제일디아제팜주사액,(주)제일제약,650500310,주사약품비급여,정신신경용제,전문,,142903BIJ,약품기본정보.pdf,2026-06-26
26,13,제일디아제팜주사액,제일제약,G11500031,주사약품 삭제,정신신경용제,전문,,142903BIJ,약품기본정보.pdf,2026-06-26
26,14,제일페노바르비탈주사액,제일제약,G11500011,주사약품 삭제,최면진정제,전문,,211801BIJ,약품기본정보.pdf,2026-06-26
26,15,제일페노바르비탈주사액(페노바르(주)제일제약,,650500840,주사약품 삭제,최면진정제,전문,,211801BIJ,약품기본정보.pdf,2026-06-26
26,16,제일페노바르비탈주사액(페노바르(주)제일제약,,650501330,주사약품비급여,최면진정제,전문,,211801BIJ,약품기본정보.pdf,2026-06-26
26,17,제일페노바르비탈주사액(페노바르(주)제일제약,,650501331,주사약품비급여,,전문,,211830BIJ,약품기본정보.pdf,2026-06-26
26,18,제일페노바르비탈주사액(페노바르(주)제일제약,,650500841,주사약품 급여,최면진정제,전문,,211830BIJ,약품기본정보.pdf,2026-06-26
26,19,제일펜타조신주사액,(주)제일제약,650500850,주사약품비급여,진통， 소,전문,,210502BIJ,약품기본정보.pdf,2026-06-26
26,20,제일펜타조신주사액,제일제약,G11500021,주사약품 삭제,진통， 소,전문,,210502BIJ,약품기본정보.pdf,2026-06-26
26,21,제일펜타조신주사액_(30mg/1mL),(주)제일제약,650500851,주사약품비급여,,전문,,210530BIJ,약품기본정보.pdf,2026-06-26
26,22,젠콜정,(주)뉴젠팜,646203460,내복약품비급여,진통， 소,전문,,567600ATB,약품기본정보.pdf,2026-06-26
26,23,조스정1밀리그램(에스조피클론)_(,명인제약(주),651904900,내복약품 급여,최면진정제,전문,,680401ATB,약품기본정보.pdf,2026-06-26
26,24,조스정2밀리그램(에스조피클론)_(2명인제약(주),,651904910,내복약품 급여,최면진정제,전문,,680402ATB,약품기본정보.pdf,2026-06-26
26,25,조스정3밀리그램(에스조피클론)_(3명인제약(주),,651904920,내복약품 급여,최면진정제,전문,,680403ATB,약품기본정보.pdf,2026-06-26
26,26,조피스타정1밀리그램(에스조피클론(주)휴온스,,670608170,내복약품 급여,,전문,,680401ATB,약품기본정보.pdf,2026-06-26
27,1,조피스타정2밀리그램(에스조피클론(주)휴온스,,670608180,내복약품 급여,,전문,,680402ATB,약품기본정보.pdf,2026-06-26
27,2,조피스타정3밀리그램(에스조피클론(주)휴온스,,670608190,내복약품 급여,,전문,,680403ATB,약품기본정보.pdf,2026-06-26
27,3,조피타정1밀리그램(에스조피클론)_환인제약(주),,657203680,내복약품비급여,최면진정제,전문,,680401ATB,약품기본정보.pdf,2026-06-26
27,4,조피타정2밀리그램(에스조피클론)_환인제약(주),,657203670,내복약품비급여,최면진정제,전문,,680402ATB,약품기본정보.pdf,2026-06-26
27,5,조피타정3밀리그램(에스조피클론)_환인제약(주),,657203660,내복약품비급여,최면진정제,전문,,680403ATB,약품기본정보.pdf,2026-06-26
27,6,졸뎀속붕정(졸피뎀타르타르산염),보령제약(주),641905420,내복약품 삭제,최면진정제,전문,,250501ATD,약품기본정보.pdf,2026-06-26
27,7,졸리뎀정10밀리그람(주석산졸피뎀일성신약(주),,655401850,내복약품비급여,최면진정제,전문,,250501ATB,약품기본정보.pdf,2026-06-26
27,8,졸민정0.125밀리그람(트리아졸람)_명인제약(주),,651901770,내복약품 급여,최면진정제,전문,가능,243501ATB,약품기본정보.pdf,2026-06-26
27,9,졸민정0.125mg,명인제약,G12000181,내복약품 삭제,최면진정제,전문,가능,243501ATB,약품기본정보.pdf,2026-06-26
27,10,졸민정0.25밀리그램(트리아졸람)_,명인제약(주),651901780,내복약품 급여,최면진정제,전문,,243502ATB,약품기본정보.pdf,2026-06-26
27,11,졸민정0.25mg,명인제약,G12000191,내복약품 삭제,최면진정제,전문,가능,243502ATB,약품기본정보.pdf,2026-06-26
27,12,졸피드정,한미약품,G09700011,내복약품 삭제,최면진정제,전문,가능,250501ATB,약품기본정보.pdf,2026-06-26
27,13,졸피드정10밀리그램(졸피뎀타르타르한미약품(주),,643502320,내복약품 급여,최면진정제,전문,,250501ATB,약품기본정보.pdf,2026-06-26
27,14,졸피드정5밀리그램(졸피뎀타르타르한미약품(주),,643507160,내복약품 급여,최면진정제,전문,,250502ATB,약품기본정보.pdf,2026-06-26
27,15,졸피람정10밀리그램(졸피뎀타르타르환인제약(주),,657200670,내복약품 급여,최면진정제,전문,가능,250501ATB,약품기본정보.pdf,2026-06-26
27,16,졸피람정10mg,환인제약,C00800171,내복약품 삭제,최면진정제,전문,가능,250501ATB,약품기본정보.pdf,2026-06-26
27,17,졸피록스정10밀리그람(주석산졸피영진약품공업(주),,642401180,내복약품비급여,최면진정제,전문,,250501ATB,약품기본정보.pdf,2026-06-26
27,18,졸피신정10mg,명인제약,C03400311,내복약품 삭제,최면진정제,전문,가능,250501ATB,약품기본정보.pdf,2026-06-26
27,19,졸피신정10mg(졸피뎀타르타르산염명인제약(주),,651901790,내복약품 급여,최면진정제,전문,가능,250501ATB,약품기본정보.pdf,2026-06-26
27,20,졸피신정5mg(졸피뎀타르타르산염)_명인제약(주),,651904470,내복약품 급여,최면진정제,전문,,250502ATB,약품기본정보.pdf,2026-06-26
27,21,졸피아트정,대웅제약,C01900081,내복약품 삭제,최면진정제,전문,가능,250501ATB,약품기본정보.pdf,2026-06-26
27,22,졸피아트정(주석산졸피뎀)_(10mg/,(주)대웅제약,641600900,내복약품 삭제,최면진정제,전문,,250501ATB,약품기본정보.pdf,2026-06-26
27,23,졸피움정,고려제약,C06800031,내복약품 삭제,최면진정제,전문,가능,250501ATB,약품기본정보.pdf,2026-06-26
27,24,졸피움정(졸피뎀타르타르산염)_(10고려제약(주),,642801200,내복약품 급여,최면진정제,전문,가능,250501ATB,약품기본정보.pdf,2026-06-26
27,25,졸피원정10밀리그램(졸피뎀타르타르하나제약(주),,657808310,내복약품 급여,최면진정제,전문,,250501ATB,약품기본정보.pdf,2026-06-26
27,26,종근당주석산졸피뎀정10밀리그람_,(주)종근당,643303260,내복약품비급여,최면진정제,전문,,250501ATB,약품기본정보.pdf,2026-06-26
28,1,중외디아제팜정5mg,중외제약,G00400091,내복약품비급여,정신신경용제,전문,,142903ATB,약품기본정보.pdf,2026-06-26
28,2,중외신약염산디에칠프로피온정,(주)중외신약,644100620,내복약품비급여,자율신경제,전문,,551601ATB,약품기본정보.pdf,2026-06-26
28,3,지메곤엔정,삼성제약공업(주),642303200,내복약품비급여,진통， 소,전문,,582500ATB,약품기본정보.pdf,2026-06-26
28,4,지메곤주,삼성제약공업,G05100061,주사약품 삭제,진통， 소,전문,,210502BIJ,약품기본정보.pdf,2026-06-26
28,5,지메곤주(펜타조신),삼성제약(주),642303210,주사약품 삭제,진통， 소,전문,,210502BIJ,약품기본정보.pdf,2026-06-26
28,6,지메곤주(펜타조신)_(30mg/1mL),삼성제약(주),642303211,주사약품 삭제,진통， 소,전문,,210530BIJ,약품기본정보.pdf,2026-06-26
28,7,지미콜정,대웅제약,G01900041,내복약품 삭제,진해거담제,전문,,266500ATB,약품기본정보.pdf,2026-06-26
28,8,지미콜정(수출명:Rhinotux)_(1정),(주)대웅제약,641602220,내복약품 삭제,진해거담제,전문,,266500ATB,약품기본정보.pdf,2026-06-26
28,9,지오다루주(주사용치오펜탈나트륨삼성제약공업(주),,642303230,주사약품비급여,전신마취제,전문,,482202BIJ,약품기본정보.pdf,2026-06-26
28,10,지오다루주0.5G,삼성제약공업,G05100011,주사약품 삭제,전신마취제,전문,,B0031402,약품기본정보.pdf,2026-06-26
28,11,진판콜내복액(수출액),동화약품(주),642702870,내복약품비급여,진통， 소,전문,,568700ALQ,약품기본정보.pdf,2026-06-26
28,12,초당로라제팜정0.5밀리그람,초당약품공업(주),670700870,내복약품비급여,정신신경용제,전문,,185504ATB,약품기본정보.pdf,2026-06-26
28,13,초당로라제팜정1밀리그람,초당약품공업(주),670700880,내복약품비급여,정신신경용제,전문,,185501ATB,약품기본정보.pdf,2026-06-26
28,14,치오닐주0.5g,대한약품공업,G06300111,주사약품 삭제,전신마취제,전문,,313500BIJ,약품기본정보.pdf,2026-06-26
28,15,치오탈주0.5g,씨제이,G15600021,주사약품 삭제,전신마취제,전문,,313500BIJ,약품기본정보.pdf,2026-06-26
28,16,치토졸주(치아밀랄나트륨),삼성제약공업(주),642303330,주사약품비급여,전신마취제,전문,,237601BIJ,약품기본정보.pdf,2026-06-26
28,17,치토졸주(치아밀랄나트륨),삼성제약(주),642303331,주사약품비급여,,전문,,237601BIJ,약품기본정보.pdf,2026-06-26
28,18,치펜탈주1g,영진약품공업,G01100031,주사약품 삭제,전신마취제,전문,,394200BIJ,약품기본정보.pdf,2026-06-26
28,19,치펜탈주500mg,영진약품공업,G01100021,주사약품 삭제,전신마취제,전문,,313500BIJ,약품기본정보.pdf,2026-06-26
28,20,카밍정10mg,부광약품,G07600011,내복약품 삭제,정신신경용제,전문,,131201ATB,약품기본정보.pdf,2026-06-26
28,24,케이터민정(펜터민염산염)_(37.5mg한국콜마(주),,671701310,내복약품비급여,자율신경제,전문,,552701ATB,약품기본정보.pdf,2026-06-26
28,25,케타라주50밀리그람/밀리리터(염산(주)유한양행,,642102870,주사약품비급여,전신마취제,전문,,179502BIJ,약품기본정보.pdf,2026-06-26
28,26,케토민주10밀리그람/밀리리터(염산대한약품공업(주),,645102290,주사약품 삭제,전신마취제,전문,,179501BIJ,약품기본정보.pdf,2026-06-26
29,1,케토민주10밀리그람/밀리리터(염산대한약품공업(주),,645103500,주사약품 삭제,전신마취제,전문,,179503BIJ,약품기본정보.pdf,2026-06-26
29,2,케토민주10밀리그람/밀리리터(염산대한약품공업(주),,645102291,주사약품 급여,전신마취제,전문,,179531BIJ,약품기본정보.pdf,2026-06-26
29,3,케토민주10mg/ml,대한약품공업,C01600071,주사약품 삭제,전신마취제,전문,,179501BIJ,약품기본정보.pdf,2026-06-26
29,4,케토민주10mg/ml(10ml),대한약품공업,C01600072,주사약품 삭제,전신마취제,전문,,179503BIJ,약품기본정보.pdf,2026-06-26
29,5,코닉스정,코오롱제약,C06600051,내복약품 삭제,최면진정제,전문,가능,250501ATB,약품기본정보.pdf,2026-06-26
29,6,코닉스정(주석산졸피뎀)_(10mg/1정코오롱제약(주),,670301310,내복약품 삭제,최면진정제,전문,가능,250501ATB,약품기본정보.pdf,2026-06-26
29,7,코오롱알프라졸람정0.25mg,코오롱제약,G16800011,내복약품비급여,정신신경용제,전문,,105502ATB,약품기본정보.pdf,2026-06-26
29,8,코오롱알프라졸람정0.5mg,코오롱제약,G16800021,내복약품비급여,정신신경용제,전문,,105505ATB,약품기본정보.pdf,2026-06-26
29,9,코푸앤콜드릴리프어덜트디엠시럽_,한국맥널티(주),641501121,내복약품비급여,,전문,,655400ASY,약품기본정보.pdf,2026-06-26
29,10,코프론정,영일제약,G08300011,내복약품 삭제,진해거담제,전문,,266500ATB,약품기본정보.pdf,2026-06-26
29,11,코프론정_(1정),영일제약(주),649403010,내복약품 삭제,진해거담제,전문,,266500ATB,약품기본정보.pdf,2026-06-26
29,12,코프맥스정,씨트리,G08500021,내복약품 삭제,진통， 소,전문,,433000ATB,약품기본정보.pdf,2026-06-26
29,13,콘서타0ROS서방정18mg,한국얀센,C05700061,내복약품 삭제,성제， 흥분,전문,가능,193203ATR,약품기본정보.pdf,2026-06-26
29,14,콘서타0ROS서방정18mg,한국얀센,G02400031,내복약품 삭제,성제， 흥분,전문,,193203ATR,약품기본정보.pdf,2026-06-26
29,15,콘서타0ROS서방정36mg,한국얀센,G02400041,내복약품 삭제,성제， 흥분,전문,,193204ATR,약품기본정보.pdf,2026-06-26
29,16,콘서타OROS서방정18밀리그람(염산(주)한국얀센,,646900660,내복약품비급여,성제， 흥분,전문,,193203ATR,약품기본정보.pdf,2026-06-26
29,17,콘서타OROS서방정18밀리그램(메틸페(주)한국얀센,,646901020,내복약품 삭제,성제， 흥분,전문,가능,193203ATR,약품기본정보.pdf,2026-06-26
29,18,콘서타OROS서방정18밀리그램(메틸페(주)한국얀센,,646902360,내복약품 급여,성제， 흥분,전문,,193203ATR,약품기본정보.pdf,2026-06-26
29,19,콘서타OROS서방정27밀리그람(염산(주)한국얀센,,646900670,내복약품비급여,성제， 흥분,전문,,193206ATR,약품기본정보.pdf,2026-06-26
29,20,콘서타OROS서방정27밀리그램(메틸페(주)한국얀센,,646901040,내복약품 삭제,성제， 흥분,전문,가능,193206ATR,약품기본정보.pdf,2026-06-26
29,21,콘서타OROS서방정27밀리그램(메틸페(주)한국얀센,,646902370,내복약품 급여,성제， 흥분,전문,,193206ATR,약품기본정보.pdf,2026-06-26
29,22,콘서타OROS서방정27mg,한국얀센,C05700071,내복약품 삭제,성제， 흥분,전문,가능,193206ATR,약품기본정보.pdf,2026-06-26
29,23,콘서타OROS서방정27mg,한국얀센,M00240071,내복약품 삭제,성제， 흥분,전문,,193206ATR,약품기본정보.pdf,2026-06-26
29,24,콘서타OROS서방정36밀리그램(메틸페(주)한국얀센,,646902060,내복약품 급여,성제， 흥분,전문,,193204ATR,약품기본정보.pdf,2026-06-26
29,25,콘서타OROS서방정54밀리그램(메틸페(주)한국얀센,,646902070,내복약품 급여,성제， 흥분,전문,,193209ATR,약품기본정보.pdf,2026-06-26
29,26,콘테머서방속붕해정(메틸페니데이트대원제약(주),,671804890,내복약품비급여,성제， 흥분,전문,,193206ATD,약품기본정보.pdf,2026-06-26
30,1,콜드맥스정,씨트리,G08500011,내복약품 삭제,진통， 소,전문,,433100ATB,약품기본정보.pdf,2026-06-26
30,2,쿨모드정,(주)한국비엠아이,654801330,내복약품비급여,진통， 소,전문,,433000ATB,약품기본정보.pdf,2026-06-26
30,3,큐시미아캡슐11.25mg/69mg_(1캡슐알보젠코리아(주),,652606590,내복약품비급여,,전문,,682500ACH,약품기본정보.pdf,2026-06-26
30,4,큐시미아캡슐15mg/92mg_(1캡슐),알보젠코리아(주),652606580,내복약품비급여,,전문,,682400ACH,약품기본정보.pdf,2026-06-26
30,5,큐시미아캡슐3.75mg/23mg_(1캡슐),알보젠코리아(주),652606600,내복약품비급여,,전문,,682300ACH,약품기본정보.pdf,2026-06-26
30,6,큐시미아캡슐7.5mg/46mg_(1캡슐),알보젠코리아(주),652606610,내복약품비급여,,전문,,682200ACH,약품기본정보.pdf,2026-06-26
30,7,크로밀정10밀리그람(클로티아제팜명인제약(주),,651901990,내복약품비급여,정신신경용제,전문,,137301ATB,약품기본정보.pdf,2026-06-26
30,8,크로밀정10mg,명인제약,G12000271,내복약품비급여,정신신경용제,전문,,137301ATB,약품기본정보.pdf,2026-06-26
30,9,크로밀정5밀리그람(클로티아제팜),명인제약(주),651902000,내복약품 삭제,정신신경용제,전문,가능,137302ATB,약품기본정보.pdf,2026-06-26
30,10,크로밀정5mg,명인제약,G12000251,내복약품 삭제,정신신경용제,전문,가능,137302ATB,약품기본정보.pdf,2026-06-26
30,13,클리시드정,한국유니온제약,G12251821,내복약품 삭제,정신신경용제,전문,,255800ATB,약품기본정보.pdf,2026-06-26
30,14,타펜톨주사,극동제약,G16000041,주사약품 삭제,전신마취제,전문,,313500BIJ,약품기본정보.pdf,2026-06-26
30,15,테누아트정(디에틸프로피온염산염한림제약(주),,645301850,내복약품비급여,자율신경제,전문,,551601ATB,약품기본정보.pdf,2026-06-26
30,16,테뉴에이트정(디에틸프로피온염산알보젠코리아(주),,652604880,내복약품비급여,,전문,,551601ATB,약품기본정보.pdf,2026-06-26
30,17,테뉴에이트정(염산디에칠프로피온(주)드림파마,,655902500,내복약품비급여,자율신경제,전문,,551601ATB,약품기본정보.pdf,2026-06-26
30,21,트리람정0.125밀리그램(트리아졸람환인제약(주),,657202920,내복약품 급여,최면진정제,전문,,243501ATB,약품기본정보.pdf,2026-06-26
30,22,트리람정0.125MG,환인제약,G01000321,내복약품 삭제,최면진정제,전문,,A0201701,약품기본정보.pdf,2026-06-26
30,23,트리람정0.25밀리그램(트리아졸람환인제약(주),,657200830,내복약품 급여,최면진정제,전문,가능,243502ATB,약품기본정보.pdf,2026-06-26
30,24,트리람정0.25mg,환인제약,G01000311,내복약품 삭제,최면진정제,전문,가능,243502ATB,약품기본정보.pdf,2026-06-26
30,25,트리산캅셀10mg,명인제약,G12000121,내복약품 삭제,정신신경용제,전문,,137101ACH,약품기본정보.pdf,2026-06-26
30,26,트리산캅셀5mg,명인제약,G12000131,내복약품 삭제,정신신경용제,전문,,137102ACH,약품기본정보.pdf,2026-06-26
31,1,트리졸정0.125mg,태준제약,G13700021,내복약품비급여,최면진정제,전문,,243501ATB,약품기본정보.pdf,2026-06-26
31,2,트리졸정0.25mg,태준제약,G13700031,내복약품비급여,최면진정제,전문,,243502ATB,약품기본정보.pdf,2026-06-26
31,3,트리판토정,삼성제약공업(주),642303840,내복약품비급여,진통， 소,전문,,451100ATB,약품기본정보.pdf,2026-06-26
31,4,틴틴정(펜터민염산염)_(37.5mg/1정슈넬생명과학(주),,645202640,내복약품비급여,자율신경제,전문,,552701ATB,약품기본정보.pdf,2026-06-26
31,5,파마 알프라졸람정0.4mg(구:파마알한국파마,,G12500061,내복약품비급여,정신신경용제,전문,,105504ATB,약품기본정보.pdf,2026-06-26
31,6,파마디아제팜정,한국파마,G12500051,내복약품 삭제,정신신경용제,전문,,A0066001,약품기본정보.pdf,2026-06-26
31,7,파마로라제팜정,한국파마,G12500011,내복약품 삭제,정신신경용제,전문,,A0122201,약품기본정보.pdf,2026-06-26
31,8,파마메칠페니데이트정(염산메칠페(주)한국파마,,653002980,내복약품비급여,성제， 흥분,전문,,193201ATB,약품기본정보.pdf,2026-06-26
31,9,파마알프라졸람정0.25mg,한국파마,G12500031,내복약품비급여,정신신경용제,전문,,105502ATB,약품기본정보.pdf,2026-06-26
31,10,파마알프라졸람정0.4밀리그람(수출(주)한국파마,,653004830,내복약품비급여,정신신경용제,전문,,105504ATB,약품기본정보.pdf,2026-06-26
31,11,파마알프라졸람정0.5mg,한국파마,G12500021,내복약품비급여,정신신경용제,전문,,105505ATB,약품기본정보.pdf,2026-06-26
31,12,파마에스조피클론정1mg_(1mg/1정),(주)한국파마,653006720,내복약품 삭제,최면진정제,전문,,680401ATB,약품기본정보.pdf,2026-06-26
31,13,파마에스조피클론정2mg_(2mg/1정),(주)한국파마,653006710,내복약품 삭제,최면진정제,전문,,680402ATB,약품기본정보.pdf,2026-06-26
31,14,파마에스조피클론정3mg_(3mg/1정),(주)한국파마,653006730,내복약품 삭제,최면진정제,전문,,680403ATB,약품기본정보.pdf,2026-06-26
31,15,파마염산디에칠프로피온정,(주)한국파마,653003260,내복약품비급여,자율신경제,전문,,551601ATB,약품기본정보.pdf,2026-06-26
31,16,파마윈주(펜타조신),명문제약(주),649803301,주사약품비급여,,전문,,210530BIJ,약품기본정보.pdf,2026-06-26
31,17,파마윈주(PHARMAWINInj)(펜타조신명문제약(주),,649803300,주사약품비급여,진통， 소,전문,,210502BIJ,약품기본정보.pdf,2026-06-26
31,18,파마주석산졸피뎀정,한국파마,C03600241,내복약품 삭제,최면진정제,전문,가능,250501ATB,약품기본정보.pdf,2026-06-26
31,19,파마주석산졸피뎀정(졸피뎀타르타르(주)한국파마,,653003460,내복약품 급여,최면진정제,전문,가능,250501ATB,약품기본정보.pdf,2026-06-26
31,20,파마페몰린정,(주)한국파마,653003630,내복약품비급여,정신신경용제,전문,,209701ATB,약품기본정보.pdf,2026-06-26
31,21,판베시서방캡슐 30밀리그램(펜터민부광약품(주),,642204430,내복약품비급여,,전문,,552702ACR,약품기본정보.pdf,2026-06-26
31,22,판베시서방캡슐 30밀리그램(펜터민알보젠코리아(주),,652604890,내복약품비급여,,전문,,552702ACR,약품기본정보.pdf,2026-06-26
31,23,판베시서방캡슐30밀리그람(염산펜(주)드림파마,,655902700,내복약품비급여,자율신경제,전문,,552702ACR,약품기본정보.pdf,2026-06-26
31,24,판토코프정,삼성제약공업(주),642303940,내복약품비급여,진통， 소,전문,,433000ATB,약품기본정보.pdf,2026-06-26
31,25,페노히단토인정100mg,하나제약,G00500051,내복약품 삭제,항전간제,전문,,251400ATB,약품기본정보.pdf,2026-06-26
31,26,페노히단토인정50mg,하나제약,G00500041,내복약품 삭제,항전간제,전문,,251500ATB,약품기본정보.pdf,2026-06-26
32,1,페니드정10밀리그램(메틸페니데이트환인제약(주),,657200860,내복약품 급여,성제， 흥분,전문,가능,193201ATB,약품기본정보.pdf,2026-06-26
32,2,페니드정10mg,환인제약,G01000341,내복약품 삭제,성제， 흥분,전문,가능,193201ATB,약품기본정보.pdf,2026-06-26
32,3,페니드정5밀리그램(메틸페니데이트환인제약(주),,657200850,내복약품 급여,성제， 흥분,전문,가능,193202ATB,약품기본정보.pdf,2026-06-26
32,4,페니드정5mg,환인제약,G01000331,내복약품 삭제,성제， 흥분,전문,가능,193202ATB,약품기본정보.pdf,2026-06-26
32,5,페니민정(펜터민염산염)_(37.5mg/,태극제약(주),644802840,내복약품비급여,자율신경제,전문,,552701ATB,약품기본정보.pdf,2026-06-26
32,6,페니비탈정,(주)뉴젠팜,646202150,내복약품 삭제,항전간제,전문,,251600ATB,약품기본정보.pdf,2026-06-26
32,7,페니비탈정,뉴젠팜,G16500021,내복약품 삭제,항전간제,전문,,251600ATB,약품기본정보.pdf,2026-06-26
32,8,페닝정(펜디메트라진타르타르산염태극제약(주),,644802850,내복약품비급여,자율신경제,전문,,552601ATB,약품기본정보.pdf,2026-06-26
32,9,페딘정(펜터민염산염)_(37.5mg/1정명인제약(주),,651902290,내복약품비급여,자율신경제,전문,,552701ATB,약품기본정보.pdf,2026-06-26
32,10,페로스핀정10밀리그램(메틸페니데명인제약(주),,651902300,내복약품 급여,성제， 흥분,전문,가능,193201ATB,약품기본정보.pdf,2026-06-26
32,11,페로스핀정5mg(메틸페니데이트염산명인제약(주),,651904340,내복약품 급여,성제， 흥분,전문,,193202ATB,약품기본정보.pdf,2026-06-26
32,12,페마인정,한불제약(주),656202020,내복약품비급여,항전간제,전문,,251600ATB,약품기본정보.pdf,2026-06-26
32,13,페마인정,한불제약,G06700021,내복약품 삭제,항전간제,전문,,251600ATB,약품기본정보.pdf,2026-06-26
32,14,페몰린정,한국파마,G12500071,내복약품 삭제,의 중추신경,전문,,209701ATB,약품기본정보.pdf,2026-06-26
32,15,페스틴정(펜터민염산염)_(37.5mg/,대한뉴팜(주),669904160,내복약품비급여,자율신경제,전문,,552701ATB,약품기본정보.pdf,2026-06-26
32,16,페티노정(주석산펜디메트라진)_(35우리들제약(주),,670102080,내복약품비급여,자율신경제,전문,,552601ATB,약품기본정보.pdf,2026-06-26
32,17,펜더정(펜터민염산염)_(37.5mg/1정한국프라임제약(주,,663603190,내복약품비급여,자율신경제,전문,,552701ATB,약품기본정보.pdf,2026-06-26
32,18,펜디라정(펜디메트라진타르타르산(주)뉴젠팜,,646202160,내복약품비급여,자율신경제,전문,,552601ATB,약품기본정보.pdf,2026-06-26
32,19,펜디라진정(펜디메트라진타르타르산대원제약(주),,671803300,내복약품비급여,자율신경제,전문,,552601ATB,약품기본정보.pdf,2026-06-26
32,20,펜디멘정(펜디메트라진타르타르산한국프라임제약(주,,663603200,내복약품비급여,자율신경제,전문,,552601ATB,약품기본정보.pdf,2026-06-26
32,21,펜디민정(펜디메트라진타르타르산구주제약(주),,669803310,내복약품비급여,자율신경제,전문,,552601ATB,약품기본정보.pdf,2026-06-26
32,22,펜디세미정(펜디메트라진타르타르산(주)휴온스,,670607630,내복약품비급여,,전문,,552602ATB,약품기본정보.pdf,2026-06-26
32,23,펜디씬정(펜디메트라진타르타르산(주)바이넥스,,643101900,내복약품비급여,자율신경제,전문,,552601ATB,약품기본정보.pdf,2026-06-26
32,24,펜디예뜨정(펜디메트라진타르타르산(주)중외신약,,644101260,내복약품비급여,자율신경제,전문,,552601ATB,약품기본정보.pdf,2026-06-26
32,25,펜디정(펜디메트라진타르타르산염(주)휴온스,,670602380,내복약품비급여,자율신경제,전문,,552601ATB,약품기본정보.pdf,2026-06-26
32,26,펜디진정35mg(펜디메트라진타르타르(주)서울제약,,652903160,내복약품비급여,자율신경제,전문,,552601ATB,약품기본정보.pdf,2026-06-26
33,1,펜디펜정(펜디메트라진타르타르산슈넬생명과학(주),,645203630,내복약품비급여,자율신경제,전문,,552601ATB,약품기본정보.pdf,2026-06-26
33,2,펜민정(펜터민염산염)_(37.5mg/1정영일제약(주),,649402670,내복약품비급여,자율신경제,전문,,552701ATB,약품기본정보.pdf,2026-06-26
33,3,펜솔정(주석산펜디메트라진),신풍제약(주),648504000,내복약품비급여,자율신경제,전문,,552601ATB,약품기본정보.pdf,2026-06-26
33,4,펜슬림정(주석산펜디메트라진)_(35하나제약(주),,657802840,내복약품비급여,자율신경제,전문,,552601ATB,약품기본정보.pdf,2026-06-26
33,6,펜키니정(염산펜터민)_(37.5mg/1정대원제약(주),,671803320,내복약품비급여,자율신경제,전문,,552701ATB,약품기본정보.pdf,2026-06-26
33,7,펜키니캡슐(염산펜터민)_(37.5mg/,대원제약(주),671803330,내복약품비급여,자율신경제,전문,,552701ACH,약품기본정보.pdf,2026-06-26
33,8,펜타씬정(펜디메트라진타르타르산명문제약(주),,649803390,내복약품비급여,자율신경제,전문,,552601ATB,약품기본정보.pdf,2026-06-26
33,9,펜타인정(펜터민염산염)_(37.5mg/,일동제약(주),642902420,내복약품비급여,자율신경제,전문,,552701ATB,약품기본정보.pdf,2026-06-26
33,10,펜타젠정(펜타민염산염)_(37.5mg/,한림제약(주),645302070,내복약품비급여,자율신경제,전문,,552701ATB,약품기본정보.pdf,2026-06-26
33,11,펜타지아정(펜터민염산염)_(37.5mg(주)휴비스트제약,,628800800,내복약품비급여,,전문,,552701ATB,약품기본정보.pdf,2026-06-26
33,12,펜탈정,대원제약,G02900181,내복약품 삭제,진통， 소,전문,가능,210501ATB,약품기본정보.pdf,2026-06-26
33,13,펜탈정(펜타조신25밀리그람)_(25mg대원제약(주),,671803350,내복약품 삭제,진통， 소,전문,가능,210501ATB,약품기본정보.pdf,2026-06-26
33,14,펜터라민정(펜터민염산염)_(37.5mg(주)종근당,,643306100,내복약품비급여,자율신경제,전문,,552701ATB,약품기본정보.pdf,2026-06-26
33,15,펜터미정(펜터민염산염)_(37.5mg/,(주)중외신약,644100640,내복약품비급여,자율신경제,전문,,552701ATB,약품기본정보.pdf,2026-06-26
33,18,펜토탈소디움주0.5g,중외제약,G00400171,주사약품 삭제,전신마취제,전문,,313500BIJ,약품기본정보.pdf,2026-06-26
33,21,펜토탈소디움주사0.25g,중외제약,G00600051,주사약품 삭제,전신마취제,전문,,482201BIJ,약품기본정보.pdf,2026-06-26
33,22,펜트라정(펜디메트라진타르타르산한국콜마(주),,671701750,내복약품비급여,자율신경제,전문,,552601ATB,약품기본정보.pdf,2026-06-26
33,23,펜트민정(펜터민염산염)_(37.5mg/,(주)바이넥스,643101910,내복약품비급여,자율신경제,전문,,552701ATB,약품기본정보.pdf,2026-06-26
33,24,펜틴정(펜디메트라진타르타르산염대한뉴팜(주),,669904170,내복약품비급여,자율신경제,전문,,552601ATB,약품기본정보.pdf,2026-06-26
33,25,펜홀드정(주석산펜디메트라진),보람제약(주),656602320,내복약품비급여,자율신경제,전문,,552601ATB,약품기본정보.pdf,2026-06-26
33,26,펜홀드정(펜디메트라진타르타르산비알엔사이언스(주,,698001390,내복약품비급여,자율신경제,전문,,552601ATB,약품기본정보.pdf,2026-06-26
34,1,포크랄시럽,한림제약,G03800031,내복약품 삭제,최면진정제,전문,,130801ASY,약품기본정보.pdf,2026-06-26
34,2,포크랄시럽(포수크로랄),한림제약(주),645302130,내복약품 삭제,최면진정제,전문,,130801ASY,약품기본정보.pdf,2026-06-26
34,3,포크랄시럽(포수클로랄)_(0.5g/5mL한림제약(주),,645302135,내복약품 급여,최면진정제,전문,,130833ASY,약품기본정보.pdf,2026-06-26
34,4,포크랄시럽(포수클로랄)_(10g/100m한림제약(주),,645302131,내복약품 삭제,최면진정제,전문,,130831ASY,약품기본정보.pdf,2026-06-26
34,5,포크랄시럽(포수클로랄)_(1g/10mL,한림제약(주),645302133,내복약품 삭제,최면진정제,전문,,130832ASY,약품기본정보.pdf,2026-06-26
34,6,포크랄시럽(포수클로랄)_(9.5g/95m한림제약(주),,645302132,내복약품 급여,최면진정제,전문,,130830ASY,약품기본정보.pdf,2026-06-26
34,7,포폴주사 20밀리리터(프로포폴)(바동국제약(주),,653401090,주사약품 삭제,전신마취제,전문,,219803BIJ,약품기본정보.pdf,2026-06-26
34,8,포폴주사(바이알) 50밀리리터(프로동국제약(주),,653401340,주사약품 삭제,전신마취제,전문,,219804BIJ,약품기본정보.pdf,2026-06-26
34,9,포폴주사(프로포폴)(바이알),동국제약(주),653401800,주사약품 삭제,전신마취제,전문,,219806BIJ,약품기본정보.pdf,2026-06-26
34,10,포폴주사(프로포폴)(바이알),동국제약(주),653402330,주사약품 삭제,전신마취제,전문,,219804BIJ,약품기본정보.pdf,2026-06-26
34,11,포폴주사(프로포폴)(바이알)_(0.5g동국제약(주),,653402331,주사약품 급여,전신마취제,전문,,219836BIJ,약품기본정보.pdf,2026-06-26
34,12,포폴주사(프로포폴)(바이알)_(100m동국제약(주),,653402341,주사약품비급여,,전문,,219837BIJ,약품기본정보.pdf,2026-06-26
34,13,포폴주사(프로포폴)(바이알)_(12mL동국제약(주),,653403551,주사약품비급여,,전문,,219833BIJ,약품기본정보.pdf,2026-06-26
34,14,포폴주사(프로포폴)(바이알)_(20mL동국제약(주),,653402291,주사약품비급여,,전문,,219835BIJ,약품기본정보.pdf,2026-06-26
34,15,포폴주사(프로포폴)(바이알)_(8mL,동국제약(주),653403581,주사약품비급여,,전문,,219831BIJ,약품기본정보.pdf,2026-06-26
34,16,포폴주사(프로포폴)(앰플),동국제약(주),653401400,주사약품 삭제,전신마취제,전문,,219806BIJ,약품기본정보.pdf,2026-06-26
34,17,포폴주사(프로포폴)(앰플),동국제약(주),653402350,주사약품 삭제,전신마취제,전문,,219802BIJ,약품기본정보.pdf,2026-06-26
34,18,포폴주사(프로포폴)(앰플),동국제약(주),653402370,주사약품 삭제,전신마취제,전문,,219803BIJ,약품기본정보.pdf,2026-06-26
34,19,포폴주사(프로포폴)(앰플)_(0.12g/동국제약(주),,653402351,주사약품 급여,전신마취제,전문,,219833BIJ,약품기본정보.pdf,2026-06-26
34,20,포폴주사(프로포폴)(앰플)_(0.15g/동국제약(주),,653402361,주사약품비급여,,전문,,219834BIJ,약품기본정보.pdf,2026-06-26
34,21,포폴주사(프로포폴)(앰플)_(0.2g/2동국제약(주),,653402371,주사약품 급여,전신마취제,전문,,219835BIJ,약품기본정보.pdf,2026-06-26
34,22,포폴주사(프로포폴)(앰플)_(50mg/5동국제약(주),,653406111,주사약품 급여,전신마취제,전문,,219830BIJ,약품기본정보.pdf,2026-06-26
34,23,포폴주사(프로포폴)(앰플)_(80mg/8동국제약(주),,653403541,주사약품 급여,전신마취제,전문,,219831BIJ,약품기본정보.pdf,2026-06-26
34,24,포폴주사(프로포폴)100ml바이알,동국제약(주),653402340,주사약품비급여,전신마취제,전문,,219801BIJ,약품기본정보.pdf,2026-06-26
34,25,포폴주사(프로포폴)15ml앰플,동국제약(주),653402360,주사약품비급여,전신마취제,전문,,219806BIJ,약품기본정보.pdf,2026-06-26
34,26,포폴주사(프로포폴)20ml바이알,동국제약(주),653402290,주사약품비급여,전신마취제,전문,,219803BIJ,약품기본정보.pdf,2026-06-26
35,1,포폴주사12밀리리터(프로포폴)(앰플동국제약(주),,653401110,주사약품 삭제,전신마취제,전문,,219802BIJ,약품기본정보.pdf,2026-06-26
35,2,포폴주사2%(프로포폴)(바이알),동국제약(주),653402060,주사약품비급여,전신마취제,전문,,219801BIJ,약품기본정보.pdf,2026-06-26
35,3,포폴주사2%(프로포폴)(바이알),동국제약(주),653402420,주사약품비급여,전신마취제,전문,,219801BIJ,약품기본정보.pdf,2026-06-26
35,4,포폴주사2%(프로포폴)(바이알),동국제약(주),653402421,주사약품비급여,,전문,,219838BIJ,약품기본정보.pdf,2026-06-26
35,5,포폴주사20밀리리터(프로포폴)(앰플동국제약(주),,653401120,주사약품 삭제,전신마취제,전문,,219803BIJ,약품기본정보.pdf,2026-06-26
35,6,"포폴프리필드주사(프로포폴),(수출동국제약(주)",,653401140,주사약품비급여,전신마취제,전문,,219803BIJ,약품기본정보.pdf,2026-06-26
35,7,푸리민정(염산펜터민),(주)드림파마,655902770,내복약품비급여,자율신경제,전문,,552701ATB,약품기본정보.pdf,2026-06-26
35,8,푸리민정(펜터민염산염)_(37.5mg/,알보젠코리아(주),652604870,내복약품비급여,,전문,,552701ATB,약품기본정보.pdf,2026-06-26
35,9,푸리민정18.75밀리그램(펜터민염산(주)드림파마,,655904460,내복약품비급여,자율신경제,전문,,552704ATB,약품기본정보.pdf,2026-06-26
35,10,푸리민정18.75밀리그램(펜터민염산알보젠코리아(주),,652604900,내복약품비급여,,전문,,552704ATB,약품기본정보.pdf,2026-06-26
35,11,푸리지움10밀리그람(클로바잠)영문(주)한독약품,,652101540,내복약품비급여,정신신경용제,전문,,135701ATB,약품기본정보.pdf,2026-06-26
35,12,푸리지움5밀리그람(클로바잠)_(5mg(주)한독약품,,652101530,내복약품비급여,정신신경용제,전문,,135702ATB,약품기본정보.pdf,2026-06-26
35,13,푸링가캅셀(파모산 펜디메트라진),(주)드림파마,655902780,내복약품비급여,자율신경제,전문,,562401ACH,약품기본정보.pdf,2026-06-26
35,14,푸링세미정(펜디메트라진타르타르산알보젠코리아(주),,652606270,내복약품비급여,,전문,,552602ATB,약품기본정보.pdf,2026-06-26
35,15,푸링정(주석산펜디메트라진),(주)드림파마,655902790,내복약품비급여,자율신경제,전문,,552601ATB,약품기본정보.pdf,2026-06-26
35,16,푸링정(펜디메트라진타르타르산염알보젠코리아(주),,652604860,내복약품비급여,,전문,,552601ATB,약품기본정보.pdf,2026-06-26
35,17,푸푸연질캅셀,알앤피코리아,G09000031,내복약품 삭제,진해거담제,전문,,426400ACS,약품기본정보.pdf,2026-06-26
35,18,프라졸정0.25MG,명문제약,G15100101,내복약품 삭제,정신신경용제,전문,,A0007701,약품기본정보.pdf,2026-06-26
35,19,프라졸정0.5MG,명문제약,G15100111,내복약품 삭제,정신신경용제,전문,,A0007901,약품기본정보.pdf,2026-06-26
35,20,프라졸정1MG,명문제약,G15100091,내복약품 삭제,정신신경용제,전문,,A0007501,약품기본정보.pdf,2026-06-26
36,9,프로바이브주1% 12밀리리터(프로포명문제약(주),,649804420,주사약품 삭제,전신마취제,전문,,219802BIJ,약품기본정보.pdf,2026-06-26
36,10,프로바이브주1% 20밀리리터(프로포명문제약(주),,649803910,주사약품 삭제,전신마취제,전문,,219803BIJ,약품기본정보.pdf,2026-06-26
36,11,프로바이브주1% 50밀리리터(프로포명문제약(주),,649803920,주사약품 삭제,전신마취제,전문,,219804BIJ,약품기본정보.pdf,2026-06-26
36,12,프로바이브주1%(프로포폴),명문제약(주),649804740,주사약품 삭제,전신마취제,전문,,219806BIJ,약품기본정보.pdf,2026-06-26
36,13,프로바이브주1%(프로포폴)(PROVIVE명문제약(주),,649803900,주사약품 삭제,전신마취제,전문,,219801BIJ,약품기본정보.pdf,2026-06-26
36,14,프로바이브주1%(프로포폴)(PROVIVE명문제약(주),,649805210,주사약품 삭제,전신마취제,전문,,219805BIJ,약품기본정보.pdf,2026-06-26
36,15,프로바이브주1%(프로포폴)(PROVIVE명문제약(주),,649805220,주사약품 삭제,전신마취제,전문,,219803BIJ,약품기본정보.pdf,2026-06-26
36,16,프로바이브주1%(프로포폴)(PROVIVE명문제약(주),,649805230,주사약품 삭제,전신마취제,전문,,219804BIJ,약품기본정보.pdf,2026-06-26
36,17,프로바이브주1%(프로포폴)(PROVIVE명문제약(주),,649805240,주사약품 삭제,전신마취제,전문,,219801BIJ,약품기본정보.pdf,2026-06-26
36,18,프로바이브주1%(프로포폴)(PROVIVE명문제약(주),,649806730,주사약품 삭제,전신마취제,전문,,219802BIJ,약품기본정보.pdf,2026-06-26
36,19,프로바이브주1%(프로포폴)(PROVIVE명문제약(주),,649806740,주사약품 삭제,전신마취제,전문,,219806BIJ,약품기본정보.pdf,2026-06-26
36,20,프로바이브주1%(프로포폴)(PROVIVE명문제약(주),,649806731,주사약품 삭제,전신마취제,전문,,219833BIJ,약품기본정보.pdf,2026-06-26
36,21,프로바이브주1%(프로포폴)(PROVIVE명문제약(주),,649806741,주사약품 삭제,전신마취제,전문,,219834BIJ,약품기본정보.pdf,2026-06-26
36,22,프로바이브주1%(프로포폴)(PROVIVE명문제약(주),,649805211,주사약품 삭제,전신마취제,전문,,219832BIJ,약품기본정보.pdf,2026-06-26
36,23,프로바이브주1%(프로포폴)(PROVIVE(주)한국팜비오,,659901851,주사약품 삭제,전신마취제,전문,,219832BIJ,약품기본정보.pdf,2026-06-26
36,24,프로바이브주1%(프로포폴)(PROVIVE명문제약(주),,649805221,주사약품 삭제,전신마취제,전문,,219835BIJ,약품기본정보.pdf,2026-06-26
36,25,프로바이브주1%(프로포폴)(PROVIVE명문제약(주),,649805231,주사약품 삭제,전신마취제,전문,,219836BIJ,약품기본정보.pdf,2026-06-26
36,26,프로바이브주1%(프로포폴)(PROVIVE명문제약(주),,649805241,주사약품 삭제,전신마취제,전문,,219837BIJ,약품기본정보.pdf,2026-06-26
37,1,프로바이브주1%10밀리리터(프로포폴명문제약(주),,649803600,주사약품 삭제,전신마취제,전문,,219805BIJ,약품기본정보.pdf,2026-06-26
37,2,프리폴-엠시티주(프로포폴),대원제약(주),671805070,주사약품 삭제,전신마취제,전문,,219802BIJ,약품기본정보.pdf,2026-06-26
37,3,프리폴-엠시티주(프로포폴),대원제약(주),671805080,주사약품 삭제,전신마취제,전문,,219803BIJ,약품기본정보.pdf,2026-06-26
37,4,프리폴-엠시티주(프로포폴),대원제약(주),671805090,주사약품 삭제,전신마취제,전문,,219804BIJ,약품기본정보.pdf,2026-06-26
37,5,프리폴-엠시티주(프로포폴),대원제약(주),671805650,주사약품 삭제,전신마취제,전문,,219808BIJ,약품기본정보.pdf,2026-06-26
37,6,프리폴-엠시티주(프로포폴),대원제약(주),671805660,주사약품 삭제,전신마취제,전문,,219806BIJ,약품기본정보.pdf,2026-06-26
37,7,프리폴-엠시티주(프로포폴)_(0.12g대원제약(주),,671805073,주사약품 급여,전신마취제,전문,,219833BIJ,약품기본정보.pdf,2026-06-26
37,8,프리폴-엠시티주(프로포폴)_(0.15g대원제약(주),,671805661,주사약품 급여,전신마취제,전문,,219834BIJ,약품기본정보.pdf,2026-06-26
37,9,프리폴-엠시티주(프로포폴)_(0.2g/대원제약(주),,671805083,주사약품 급여,전신마취제,전문,,219835BIJ,약품기본정보.pdf,2026-06-26
37,10,프리폴-엠시티주(프로포폴)_(0.5g/대원제약(주),,671805092,주사약품 급여,전신마취제,전문,,219836BIJ,약품기본정보.pdf,2026-06-26
37,11,프리폴-엠시티주(프로포폴)_(80mg/대원제약(주),,671805651,주사약품 삭제,전신마취제,전문,,219831BIJ,약품기본정보.pdf,2026-06-26
37,12,프리폴-엠시티주2%(프로포폴),대원제약(주),671805810,주사약품 삭제,전신마취제,전문,,219801BIJ,약품기본정보.pdf,2026-06-26
37,13,프리폴-엠시티주2%(프로포폴)_(1g/대원제약(주),,671805811,주사약품 급여,전신마취제,전문,,219838BIJ,약품기본정보.pdf,2026-06-26
37,14,플루시펜정,(주)한국파마,653004000,내복약품비급여,진통， 소,전문,,560200ATB,약품기본정보.pdf,2026-06-26
37,15,플루시펜정(수출용),(주)한국파마,653004010,내복약품비급여,진통， 소,전문,,560200ATB,약품기본정보.pdf,2026-06-26
37,16,피나팜2.5밀리그람캅셀(피나제팜)_일양약품(주),,641702540,내복약품 삭제,정신신경용제,전문,가능,212601ACH,약품기본정보.pdf,2026-06-26
37,17,피나팜5밀리그람캅셀(피나제팜)_(5일양약품(주),,641702550,내복약품 삭제,정신신경용제,전문,가능,212602ACH,약품기본정보.pdf,2026-06-26
37,18,피나팜캅셀,일양약품,G10600011,내복약품 삭제,정신신경용제,전문,가능,212602ACH,약품기본정보.pdf,2026-06-26
37,19,피나팜캅셀2.5mg,일양약품,G10600021,내복약품 삭제,정신신경용제,전문,가능,212601ACH,약품기본정보.pdf,2026-06-26
37,20,피티엠정(펜터민염산염)_(18.75mg/대한뉴팜(주),,669905860,내복약품비급여,자율신경제,전문,,552703ATB,약품기본정보.pdf,2026-06-26
37,21,하나염산날부핀주10밀리그람,하나제약(주),657802530,주사약품 삭제,진통， 소,전문,,198901BIJ,약품기본정보.pdf,2026-06-26
37,22,하나염산날부핀주10밀리그람_(10mg하나제약(주),,657802531,주사약품 급여,진통， 소,전문,,198930BIJ,약품기본정보.pdf,2026-06-26
37,23,하나염산날부핀주10mg,하나제약,G00700291,주사약품 삭제,진통， 소,전문,,198901BIJ,약품기본정보.pdf,2026-06-26
37,24,하나염산케타민주사,하나제약,C00700451,주사약품 삭제,전신마취제,전문,,179502BIJ,약품기본정보.pdf,2026-06-26
37,25,하나염산케타민주사(수출명:하나케하나제약(주),,657802690,주사약품비급여,전신마취제,전문,,179502BIJ,약품기본정보.pdf,2026-06-26
37,26,하나페노바르비탈정_(30mg/1정),하나제약(주),657802870,내복약품 급여,최면진정제,전문,,211701ATB,약품기본정보.pdf,2026-06-26
38,1,하나페노바르비탈정30mg,하나제약,G00500021,내복약품 삭제,최면진정제,전문,가능,211701ATB,약품기본정보.pdf,2026-06-26
38,2,하디코프정,광동제약(주),641803410,내복약품비급여,진통， 소,전문,,433000ATB,약품기본정보.pdf,2026-06-26
38,3,하디코프정,광동제약,G04600051,내복약품 삭제,진통， 소,전문,,433000ATB,약품기본정보.pdf,2026-06-26
38,4,하디콜나이트정,광동제약(주),641803420,내복약품비급여,진통， 소,전문,,433100ATB,약품기본정보.pdf,2026-06-26
38,5,하디콜나이트정,광동제약,G04600041,내복약품 삭제,진통， 소,전문,,433100ATB,약품기본정보.pdf,2026-06-26
38,6,하디콜정,광동제약(주),641803440,내복약품비급여,진통， 소,전문,,451100ATB,약품기본정보.pdf,2026-06-26
38,7,하디콜정,광동제약,G04600061,내복약품 삭제,진통， 소,전문,,451100ATB,약품기본정보.pdf,2026-06-26
38,8,하디콜플러스정,광동제약,G04600071,내복약품 삭제,진통， 소,전문,,450200ATB,약품기본정보.pdf,2026-06-26
38,9,하디펜연질캡슐,알앤피코리아,G09000051,내복약품 삭제,진통， 소,전문,,456200ACS,약품기본정보.pdf,2026-06-26
38,10,한국넬슨브롬화수소산덱스트로메토한국넬슨제약,,G08900011,내복약품 삭제,진해거담제,전문,,142601ATB,약품기본정보.pdf,2026-06-26
38,14,한림 알프라졸람정 0.25mg(구:한림한림제약,,G12700101,내복약품 삭제,정신신경용제,전문,가능,105502ATB,약품기본정보.pdf,2026-06-26
38,15,한림 알프라졸람정 0.4mg(구:한림한림제약,,G12700111,내복약품비급여,정신신경용제,전문,,105504ATB,약품기본정보.pdf,2026-06-26
38,16,한림 알프라졸람정 0.5mg(구:한림한림제약,,G12700121,내복약품 삭제,정신신경용제,전문,,105505ATB,약품기본정보.pdf,2026-06-26
38,17,한림 알프라졸람정 0.8mg(구:한림한림제약,,G12700131,내복약품비급여,정신신경용제,전문,,105506ATB,약품기본정보.pdf,2026-06-26
38,18,한림 알프라졸람정 1mg(구:한림알프한림제약,,G12700141,내복약품비급여,정신신경용제,전문,,105501ATB,약품기본정보.pdf,2026-06-26
38,19,한림알프라졸람정0.25밀리그램_(0,한림제약(주),645302630,내복약품 급여,정신신경용제,전문,가능,105502ATB,약품기본정보.pdf,2026-06-26
38,20,한림알프라졸람정0.5밀리그람,한림제약(주),645303750,내복약품비급여,정신신경용제,전문,,105505ATB,약품기본정보.pdf,2026-06-26
38,21,한림알프라졸람정0.5밀리그램_(0.5한림제약(주),,645303420,내복약품 급여,정신신경용제,전문,가능,105505ATB,약품기본정보.pdf,2026-06-26
38,22,한림알프라졸람정0.5mg,한림제약,C03800271,내복약품 삭제,정신신경용제,전문,가능,105505ATB,약품기본정보.pdf,2026-06-26
38,23,한불페노바르비탈정,한불제약(주),656202830,내복약품비급여,최면진정제,전문,,211701ATB,약품기본정보.pdf,2026-06-26
38,24,한불페노파르비탈정,한불제약,G16900011,내복약품비급여,최면진정제,전문,,211701ATB,약품기본정보.pdf,2026-06-26
38,25,한불펜터민정(염산펜터민),한불제약(주),656202840,내복약품비급여,자율신경제,전문,,552701ATB,약품기본정보.pdf,2026-06-26
38,26,한불펜터민캡슐(염산펜터민),한불제약(주),656202850,내복약품비급여,자율신경제,전문,,552701ACH,약품기본정보.pdf,2026-06-26
39,1,한샘디아제팜주사액,한샘제약,G14100031,주사약품 삭제,정신신경용제,전문,,B0066201,약품기본정보.pdf,2026-06-26
39,2,한샘펜타조신주사액,한샘제약,G14100021,주사약품 삭제,진통， 소,전문,,B0155501,약품기본정보.pdf,2026-06-26
39,3,한올디아제팜10MG주,한올제약,G07900021,주사약품 삭제,정신신경용제,전문,,B0066201,약품기본정보.pdf,2026-06-26
39,4,한올케타민염산염주_(0.11536g/2mL한올바이오파마(주,,655605662,주사약품 급여,전신마취제,전문,,179530BIJ,약품기본정보.pdf,2026-06-26
39,5,한올펜타조신주,한올제약,G07900041,주사약품 삭제,진통， 소,전문,,B0155501,약품기본정보.pdf,2026-06-26
39,6,할시온정0.125밀리그램(트리아졸람한국화이자제약(주,,648901230,내복약품 삭제,최면진정제,전문,가능,243501ATB,약품기본정보.pdf,2026-06-26
39,7,할시온정0.125mg,파마시아코리아,G11600061,내복약품 삭제,최면진정제,전문,,243501ATB,약품기본정보.pdf,2026-06-26
39,8,할시온정0.125mg,한국화이자,M00610011,내복약품 삭제,최면진정제,전문,가능,243501ATB,약품기본정보.pdf,2026-06-26
39,9,할시온정0.125mg,파마시아코리아,T00130011,내복약품 삭제,최면진정제,전문,,243501ATB,약품기본정보.pdf,2026-06-26
39,10,할시온정0.25밀리그램(트리아졸람한국화이자제약(주,,648901240,내복약품 삭제,최면진정제,전문,가능,243502ATB,약품기본정보.pdf,2026-06-26
39,11,할시온정0.25mg,파마시아코리아,G11600051,내복약품 삭제,최면진정제,전문,,243502ATB,약품기본정보.pdf,2026-06-26
39,12,할시온정0.25mg,한국화이자,M00610021,내복약품 삭제,최면진정제,전문,가능,243502ATB,약품기본정보.pdf,2026-06-26
39,13,할시온정0.25mg,파마시아코리아,T00130021,내복약품 삭제,최면진정제,전문,,243502ATB,약품기본정보.pdf,2026-06-26
39,14,호스피라프로포폴주 20밀리리터(프(주)유화메디칼,,680100070,주사약품 삭제,전신마취제,전문,,219803BIJ,약품기본정보.pdf,2026-06-26
39,15,호스피라프로포폴주(프로포폴),인비다코리아(주),674900160,주사약품비급여,전신마취제,전문,,219803BIJ,약품기본정보.pdf,2026-06-26
39,16,호스피라프로포폴주(프로포폴),인비다코리아(주),674900170,주사약품비급여,전신마취제,전문,,219804BIJ,약품기본정보.pdf,2026-06-26
39,17,홍익디아제팜정2mg,홍익제약,G08100011,내복약품 삭제,정신신경용제,전문,,142902ATB,약품기본정보.pdf,2026-06-26
39,18,홍익디아제팜정5mg,홍익제약,G08100021,내복약품 삭제,정신신경용제,전문,,142903ATB,약품기본정보.pdf,2026-06-26
39,19,환인클로나제팜정0.5밀리그램_(0.5환인제약(주),,657202690,내복약품 급여,항전간제,전문,가능,136401ATB,약품기본정보.pdf,2026-06-26
39,20,휴온스염산케타민주사,휴온스,C00700131,주사약품 삭제,전신마취제,전문,,179502BIJ,약품기본정보.pdf,2026-06-26
39,21,휴온스케타민염산염주사(수출명:KE(주)휴온스,,670605061,주사약품 삭제,전신마취제,전문,,179530BIJ,약품기본정보.pdf,2026-06-26
39,22,휴온스케타민염산염주사(수출명:KE(주)휴온스,,670603583,주사약품 급여,전신마취제,전문,,179533BIJ,약품기본정보.pdf,2026-06-26
39,23,휴온스케타민염산염주사(수출명:KE휴온스,,670603580,주사약품 삭제,전신마취제,전문,,179502BIJ,약품기본정보.pdf,2026-06-26
39,24,휴온스케타민염산염주사(수출명:KE(주)휴온스,,670605060,주사약품 삭제,전신마취제,전문,,179503BIJ,약품기본정보.pdf,2026-06-26
39,25,휴온스케타민염산염주사50밀리그램(주)휴온스,,670604340,주사약품 삭제,전신마취제,전문,,179504BIJ,약품기본정보.pdf,2026-06-26
39,26,휴온스케타민염산염주사50밀리그램(주)휴온스,,670604343,주사약품 급여,전신마취제,전문,,179532BIJ,약품기본정보.pdf,2026-06-26
40,1,휴터민세미정(펜터민염산염)_(18.7(주)휴온스,,670606670,내복약품비급여,자율신경제,전문,,552703ATB,약품기본정보.pdf,2026-06-26
40,2,휴터민정(펜터민염산염)_(37.5mg/,(주)휴온스,670603980,내복약품비급여,자율신경제,전문,,552701ATB,약품기본정보.pdf,2026-06-26
